#
# TABLE STRUCTURE FOR: communities
#

DROP TABLE IF EXISTS `communities`;

CREATE TABLE `communities` (
  `id` bigint(20) unsigned NOT NULL AUTO_INCREMENT,
  `name` varchar(150) COLLATE utf8mb4_unicode_ci DEFAULT NULL,
  `admin_user_id` bigint(20) unsigned NOT NULL,
  UNIQUE KEY `id` (`id`),
  KEY `communities_name_idx` (`name`),
  KEY `admin_user_id` (`admin_user_id`),
  CONSTRAINT `communities_ibfk_1` FOREIGN KEY (`admin_user_id`) REFERENCES `users` (`id`)
) ENGINE=InnoDB AUTO_INCREMENT=101 DEFAULT CHARSET=utf8mb4 COLLATE=utf8mb4_unicode_ci;

INSERT INTO `communities` (`id`, `name`, `admin_user_id`) VALUES ('1', 'quidem', '101');
INSERT INTO `communities` (`id`, `name`, `admin_user_id`) VALUES ('2', 'possimus', '102');
INSERT INTO `communities` (`id`, `name`, `admin_user_id`) VALUES ('3', 'aliquid', '103');
INSERT INTO `communities` (`id`, `name`, `admin_user_id`) VALUES ('4', 'ut', '106');
INSERT INTO `communities` (`id`, `name`, `admin_user_id`) VALUES ('5', 'similique', '109');
INSERT INTO `communities` (`id`, `name`, `admin_user_id`) VALUES ('6', 'officiis', '110');
INSERT INTO `communities` (`id`, `name`, `admin_user_id`) VALUES ('7', 'quod', '111');
INSERT INTO `communities` (`id`, `name`, `admin_user_id`) VALUES ('8', 'maiores', '113');
INSERT INTO `communities` (`id`, `name`, `admin_user_id`) VALUES ('9', 'occaecati', '115');
INSERT INTO `communities` (`id`, `name`, `admin_user_id`) VALUES ('10', 'sunt', '116');
INSERT INTO `communities` (`id`, `name`, `admin_user_id`) VALUES ('11', 'perferendis', '117');
INSERT INTO `communities` (`id`, `name`, `admin_user_id`) VALUES ('12', 'eum', '119');
INSERT INTO `communities` (`id`, `name`, `admin_user_id`) VALUES ('13', 'sed', '120');
INSERT INTO `communities` (`id`, `name`, `admin_user_id`) VALUES ('14', 'dolor', '121');
INSERT INTO `communities` (`id`, `name`, `admin_user_id`) VALUES ('15', 'voluptates', '122');
INSERT INTO `communities` (`id`, `name`, `admin_user_id`) VALUES ('16', 'odit', '123');
INSERT INTO `communities` (`id`, `name`, `admin_user_id`) VALUES ('17', 'et', '128');
INSERT INTO `communities` (`id`, `name`, `admin_user_id`) VALUES ('18', 'quia', '129');
INSERT INTO `communities` (`id`, `name`, `admin_user_id`) VALUES ('19', 'nostrum', '130');
INSERT INTO `communities` (`id`, `name`, `admin_user_id`) VALUES ('20', 'aut', '132');
INSERT INTO `communities` (`id`, `name`, `admin_user_id`) VALUES ('21', 'possimus', '133');
INSERT INTO `communities` (`id`, `name`, `admin_user_id`) VALUES ('22', 'nisi', '135');
INSERT INTO `communities` (`id`, `name`, `admin_user_id`) VALUES ('23', 'corrupti', '136');
INSERT INTO `communities` (`id`, `name`, `admin_user_id`) VALUES ('24', 'nihil', '137');
INSERT INTO `communities` (`id`, `name`, `admin_user_id`) VALUES ('25', 'non', '139');
INSERT INTO `communities` (`id`, `name`, `admin_user_id`) VALUES ('26', 'quia', '140');
INSERT INTO `communities` (`id`, `name`, `admin_user_id`) VALUES ('27', 'quod', '141');
INSERT INTO `communities` (`id`, `name`, `admin_user_id`) VALUES ('28', 'nesciunt', '143');
INSERT INTO `communities` (`id`, `name`, `admin_user_id`) VALUES ('29', 'et', '144');
INSERT INTO `communities` (`id`, `name`, `admin_user_id`) VALUES ('30', 'aut', '145');
INSERT INTO `communities` (`id`, `name`, `admin_user_id`) VALUES ('31', 'incidunt', '148');
INSERT INTO `communities` (`id`, `name`, `admin_user_id`) VALUES ('32', 'qui', '151');
INSERT INTO `communities` (`id`, `name`, `admin_user_id`) VALUES ('33', 'voluptas', '153');
INSERT INTO `communities` (`id`, `name`, `admin_user_id`) VALUES ('34', 'delectus', '156');
INSERT INTO `communities` (`id`, `name`, `admin_user_id`) VALUES ('35', 'ut', '157');
INSERT INTO `communities` (`id`, `name`, `admin_user_id`) VALUES ('36', 'dolor', '158');
INSERT INTO `communities` (`id`, `name`, `admin_user_id`) VALUES ('37', 'saepe', '160');
INSERT INTO `communities` (`id`, `name`, `admin_user_id`) VALUES ('38', 'voluptas', '161');
INSERT INTO `communities` (`id`, `name`, `admin_user_id`) VALUES ('39', 'asperiores', '165');
INSERT INTO `communities` (`id`, `name`, `admin_user_id`) VALUES ('40', 'architecto', '167');
INSERT INTO `communities` (`id`, `name`, `admin_user_id`) VALUES ('41', 'qui', '168');
INSERT INTO `communities` (`id`, `name`, `admin_user_id`) VALUES ('42', 'aliquam', '170');
INSERT INTO `communities` (`id`, `name`, `admin_user_id`) VALUES ('43', 'reprehenderit', '174');
INSERT INTO `communities` (`id`, `name`, `admin_user_id`) VALUES ('44', 'voluptate', '175');
INSERT INTO `communities` (`id`, `name`, `admin_user_id`) VALUES ('45', 'minus', '176');
INSERT INTO `communities` (`id`, `name`, `admin_user_id`) VALUES ('46', 'dolores', '177');
INSERT INTO `communities` (`id`, `name`, `admin_user_id`) VALUES ('47', 'asperiores', '179');
INSERT INTO `communities` (`id`, `name`, `admin_user_id`) VALUES ('48', 'quibusdam', '180');
INSERT INTO `communities` (`id`, `name`, `admin_user_id`) VALUES ('49', 'non', '183');
INSERT INTO `communities` (`id`, `name`, `admin_user_id`) VALUES ('50', 'tenetur', '185');
INSERT INTO `communities` (`id`, `name`, `admin_user_id`) VALUES ('51', 'dignissimos', '186');
INSERT INTO `communities` (`id`, `name`, `admin_user_id`) VALUES ('52', 'quia', '187');
INSERT INTO `communities` (`id`, `name`, `admin_user_id`) VALUES ('53', 'magnam', '189');
INSERT INTO `communities` (`id`, `name`, `admin_user_id`) VALUES ('54', 'non', '190');
INSERT INTO `communities` (`id`, `name`, `admin_user_id`) VALUES ('55', 'minus', '194');
INSERT INTO `communities` (`id`, `name`, `admin_user_id`) VALUES ('56', 'expedita', '197');
INSERT INTO `communities` (`id`, `name`, `admin_user_id`) VALUES ('57', 'aut', '199');
INSERT INTO `communities` (`id`, `name`, `admin_user_id`) VALUES ('58', 'debitis', '200');
INSERT INTO `communities` (`id`, `name`, `admin_user_id`) VALUES ('59', 'eligendi', '101');
INSERT INTO `communities` (`id`, `name`, `admin_user_id`) VALUES ('60', 'tenetur', '102');
INSERT INTO `communities` (`id`, `name`, `admin_user_id`) VALUES ('61', 'ut', '103');
INSERT INTO `communities` (`id`, `name`, `admin_user_id`) VALUES ('62', 'quo', '106');
INSERT INTO `communities` (`id`, `name`, `admin_user_id`) VALUES ('63', 'assumenda', '109');
INSERT INTO `communities` (`id`, `name`, `admin_user_id`) VALUES ('64', 'dolores', '110');
INSERT INTO `communities` (`id`, `name`, `admin_user_id`) VALUES ('65', 'aliquid', '111');
INSERT INTO `communities` (`id`, `name`, `admin_user_id`) VALUES ('66', 'deleniti', '113');
INSERT INTO `communities` (`id`, `name`, `admin_user_id`) VALUES ('67', 'molestiae', '115');
INSERT INTO `communities` (`id`, `name`, `admin_user_id`) VALUES ('68', 'magnam', '116');
INSERT INTO `communities` (`id`, `name`, `admin_user_id`) VALUES ('69', 'id', '117');
INSERT INTO `communities` (`id`, `name`, `admin_user_id`) VALUES ('70', 'sed', '119');
INSERT INTO `communities` (`id`, `name`, `admin_user_id`) VALUES ('71', 'eum', '120');
INSERT INTO `communities` (`id`, `name`, `admin_user_id`) VALUES ('72', 'provident', '121');
INSERT INTO `communities` (`id`, `name`, `admin_user_id`) VALUES ('73', 'ducimus', '122');
INSERT INTO `communities` (`id`, `name`, `admin_user_id`) VALUES ('74', 'nihil', '123');
INSERT INTO `communities` (`id`, `name`, `admin_user_id`) VALUES ('75', 'eligendi', '128');
INSERT INTO `communities` (`id`, `name`, `admin_user_id`) VALUES ('76', 'quia', '129');
INSERT INTO `communities` (`id`, `name`, `admin_user_id`) VALUES ('77', 'suscipit', '130');
INSERT INTO `communities` (`id`, `name`, `admin_user_id`) VALUES ('78', 'voluptatum', '132');
INSERT INTO `communities` (`id`, `name`, `admin_user_id`) VALUES ('79', 'quo', '133');
INSERT INTO `communities` (`id`, `name`, `admin_user_id`) VALUES ('80', 'inventore', '135');
INSERT INTO `communities` (`id`, `name`, `admin_user_id`) VALUES ('81', 'ducimus', '136');
INSERT INTO `communities` (`id`, `name`, `admin_user_id`) VALUES ('82', 'illum', '137');
INSERT INTO `communities` (`id`, `name`, `admin_user_id`) VALUES ('83', 'sint', '139');
INSERT INTO `communities` (`id`, `name`, `admin_user_id`) VALUES ('84', 'et', '140');
INSERT INTO `communities` (`id`, `name`, `admin_user_id`) VALUES ('85', 'aut', '141');
INSERT INTO `communities` (`id`, `name`, `admin_user_id`) VALUES ('86', 'numquam', '143');
INSERT INTO `communities` (`id`, `name`, `admin_user_id`) VALUES ('87', 'quam', '144');
INSERT INTO `communities` (`id`, `name`, `admin_user_id`) VALUES ('88', 'nulla', '145');
INSERT INTO `communities` (`id`, `name`, `admin_user_id`) VALUES ('89', 'velit', '148');
INSERT INTO `communities` (`id`, `name`, `admin_user_id`) VALUES ('90', 'corrupti', '151');
INSERT INTO `communities` (`id`, `name`, `admin_user_id`) VALUES ('91', 'nisi', '153');
INSERT INTO `communities` (`id`, `name`, `admin_user_id`) VALUES ('92', 'atque', '156');
INSERT INTO `communities` (`id`, `name`, `admin_user_id`) VALUES ('93', 'nam', '157');
INSERT INTO `communities` (`id`, `name`, `admin_user_id`) VALUES ('94', 'illo', '158');
INSERT INTO `communities` (`id`, `name`, `admin_user_id`) VALUES ('95', 'nam', '160');
INSERT INTO `communities` (`id`, `name`, `admin_user_id`) VALUES ('96', 'occaecati', '161');
INSERT INTO `communities` (`id`, `name`, `admin_user_id`) VALUES ('97', 'alias', '165');
INSERT INTO `communities` (`id`, `name`, `admin_user_id`) VALUES ('98', 'qui', '167');
INSERT INTO `communities` (`id`, `name`, `admin_user_id`) VALUES ('99', 'sapiente', '168');
INSERT INTO `communities` (`id`, `name`, `admin_user_id`) VALUES ('100', 'est', '170');


#
# TABLE STRUCTURE FOR: friend_requests
#

DROP TABLE IF EXISTS `friend_requests`;

CREATE TABLE `friend_requests` (
  `initiator_user_id` bigint(20) unsigned NOT NULL,
  `target_user_id` bigint(20) unsigned NOT NULL,
  `status` enum('requested','approved','declined','unfriended') COLLATE utf8mb4_unicode_ci DEFAULT NULL,
  `requested_at` datetime DEFAULT current_timestamp(),
  `updated_at` datetime DEFAULT NULL ON UPDATE current_timestamp(),
  PRIMARY KEY (`initiator_user_id`,`target_user_id`),
  KEY `target_user_id` (`target_user_id`),
  CONSTRAINT `friend_requests_ibfk_1` FOREIGN KEY (`initiator_user_id`) REFERENCES `users` (`id`),
  CONSTRAINT `friend_requests_ibfk_2` FOREIGN KEY (`target_user_id`) REFERENCES `users` (`id`),
  CONSTRAINT `CONSTRAINT_1` CHECK (`initiator_user_id` <> `target_user_id`)
) ENGINE=InnoDB DEFAULT CHARSET=utf8mb4 COLLATE=utf8mb4_unicode_ci;

#
# TABLE STRUCTURE FOR: likes
#

DROP TABLE IF EXISTS `likes`;

CREATE TABLE `likes` (
  `id` bigint(20) unsigned NOT NULL AUTO_INCREMENT,
  `user_id` bigint(20) unsigned NOT NULL,
  `media_id` bigint(20) unsigned NOT NULL,
  `created_at` datetime DEFAULT current_timestamp(),
  UNIQUE KEY `id` (`id`)
) ENGINE=InnoDB AUTO_INCREMENT=101 DEFAULT CHARSET=utf8mb4 COLLATE=utf8mb4_unicode_ci;

INSERT INTO `likes` (`id`, `user_id`, `media_id`, `created_at`) VALUES ('1', '101', '1', '2006-03-05 06:37:04');
INSERT INTO `likes` (`id`, `user_id`, `media_id`, `created_at`) VALUES ('2', '102', '2', '1971-06-05 10:06:46');
INSERT INTO `likes` (`id`, `user_id`, `media_id`, `created_at`) VALUES ('3', '103', '3', '2003-04-26 02:52:44');
INSERT INTO `likes` (`id`, `user_id`, `media_id`, `created_at`) VALUES ('4', '106', '4', '2017-07-19 09:30:33');
INSERT INTO `likes` (`id`, `user_id`, `media_id`, `created_at`) VALUES ('5', '109', '5', '1979-07-04 19:57:28');
INSERT INTO `likes` (`id`, `user_id`, `media_id`, `created_at`) VALUES ('6', '110', '6', '2009-11-11 17:43:12');
INSERT INTO `likes` (`id`, `user_id`, `media_id`, `created_at`) VALUES ('7', '111', '7', '2008-05-17 16:58:53');
INSERT INTO `likes` (`id`, `user_id`, `media_id`, `created_at`) VALUES ('8', '113', '8', '1990-08-01 22:21:20');
INSERT INTO `likes` (`id`, `user_id`, `media_id`, `created_at`) VALUES ('9', '115', '9', '1991-07-12 12:31:25');
INSERT INTO `likes` (`id`, `user_id`, `media_id`, `created_at`) VALUES ('10', '116', '10', '1979-01-09 06:11:24');
INSERT INTO `likes` (`id`, `user_id`, `media_id`, `created_at`) VALUES ('11', '117', '11', '1972-01-05 23:02:46');
INSERT INTO `likes` (`id`, `user_id`, `media_id`, `created_at`) VALUES ('12', '119', '12', '1999-10-24 06:20:59');
INSERT INTO `likes` (`id`, `user_id`, `media_id`, `created_at`) VALUES ('13', '120', '13', '2014-06-03 22:50:23');
INSERT INTO `likes` (`id`, `user_id`, `media_id`, `created_at`) VALUES ('14', '121', '14', '1997-10-27 01:47:24');
INSERT INTO `likes` (`id`, `user_id`, `media_id`, `created_at`) VALUES ('15', '122', '15', '2013-11-22 23:20:02');
INSERT INTO `likes` (`id`, `user_id`, `media_id`, `created_at`) VALUES ('16', '123', '16', '2011-01-04 11:28:43');
INSERT INTO `likes` (`id`, `user_id`, `media_id`, `created_at`) VALUES ('17', '128', '17', '1989-08-12 17:54:05');
INSERT INTO `likes` (`id`, `user_id`, `media_id`, `created_at`) VALUES ('18', '129', '18', '2008-07-31 21:34:39');
INSERT INTO `likes` (`id`, `user_id`, `media_id`, `created_at`) VALUES ('19', '130', '19', '1974-06-23 09:45:09');
INSERT INTO `likes` (`id`, `user_id`, `media_id`, `created_at`) VALUES ('20', '132', '20', '2005-04-25 22:41:15');
INSERT INTO `likes` (`id`, `user_id`, `media_id`, `created_at`) VALUES ('21', '133', '21', '1990-04-12 19:52:45');
INSERT INTO `likes` (`id`, `user_id`, `media_id`, `created_at`) VALUES ('22', '135', '22', '2006-01-17 19:39:06');
INSERT INTO `likes` (`id`, `user_id`, `media_id`, `created_at`) VALUES ('23', '136', '23', '2001-03-18 08:34:32');
INSERT INTO `likes` (`id`, `user_id`, `media_id`, `created_at`) VALUES ('24', '137', '24', '1988-09-01 05:28:36');
INSERT INTO `likes` (`id`, `user_id`, `media_id`, `created_at`) VALUES ('25', '139', '25', '1981-07-21 03:54:48');
INSERT INTO `likes` (`id`, `user_id`, `media_id`, `created_at`) VALUES ('26', '140', '26', '1972-01-07 09:13:35');
INSERT INTO `likes` (`id`, `user_id`, `media_id`, `created_at`) VALUES ('27', '141', '27', '1970-03-23 20:23:14');
INSERT INTO `likes` (`id`, `user_id`, `media_id`, `created_at`) VALUES ('28', '143', '28', '2019-10-01 23:22:30');
INSERT INTO `likes` (`id`, `user_id`, `media_id`, `created_at`) VALUES ('29', '144', '29', '2001-08-08 19:35:13');
INSERT INTO `likes` (`id`, `user_id`, `media_id`, `created_at`) VALUES ('30', '145', '30', '1986-07-06 01:59:46');
INSERT INTO `likes` (`id`, `user_id`, `media_id`, `created_at`) VALUES ('31', '148', '31', '1997-06-24 21:24:21');
INSERT INTO `likes` (`id`, `user_id`, `media_id`, `created_at`) VALUES ('32', '151', '32', '1975-06-03 08:12:35');
INSERT INTO `likes` (`id`, `user_id`, `media_id`, `created_at`) VALUES ('33', '153', '33', '2009-01-10 10:57:31');
INSERT INTO `likes` (`id`, `user_id`, `media_id`, `created_at`) VALUES ('34', '156', '34', '2000-08-27 10:43:35');
INSERT INTO `likes` (`id`, `user_id`, `media_id`, `created_at`) VALUES ('35', '157', '35', '1973-03-26 22:19:42');
INSERT INTO `likes` (`id`, `user_id`, `media_id`, `created_at`) VALUES ('36', '158', '36', '2005-10-21 07:16:36');
INSERT INTO `likes` (`id`, `user_id`, `media_id`, `created_at`) VALUES ('37', '160', '37', '1973-02-25 22:39:41');
INSERT INTO `likes` (`id`, `user_id`, `media_id`, `created_at`) VALUES ('38', '161', '38', '2010-09-24 15:22:05');
INSERT INTO `likes` (`id`, `user_id`, `media_id`, `created_at`) VALUES ('39', '165', '39', '1971-06-15 06:53:32');
INSERT INTO `likes` (`id`, `user_id`, `media_id`, `created_at`) VALUES ('40', '167', '40', '1971-04-29 19:17:36');
INSERT INTO `likes` (`id`, `user_id`, `media_id`, `created_at`) VALUES ('41', '168', '41', '1988-05-13 06:10:32');
INSERT INTO `likes` (`id`, `user_id`, `media_id`, `created_at`) VALUES ('42', '170', '42', '2000-02-14 04:52:30');
INSERT INTO `likes` (`id`, `user_id`, `media_id`, `created_at`) VALUES ('43', '174', '43', '2016-09-23 17:25:05');
INSERT INTO `likes` (`id`, `user_id`, `media_id`, `created_at`) VALUES ('44', '175', '44', '2011-07-04 23:29:11');
INSERT INTO `likes` (`id`, `user_id`, `media_id`, `created_at`) VALUES ('45', '176', '45', '1989-08-15 08:38:01');
INSERT INTO `likes` (`id`, `user_id`, `media_id`, `created_at`) VALUES ('46', '177', '46', '1980-08-22 18:13:27');
INSERT INTO `likes` (`id`, `user_id`, `media_id`, `created_at`) VALUES ('47', '179', '47', '2014-10-15 15:26:18');
INSERT INTO `likes` (`id`, `user_id`, `media_id`, `created_at`) VALUES ('48', '180', '48', '2007-09-09 01:25:22');
INSERT INTO `likes` (`id`, `user_id`, `media_id`, `created_at`) VALUES ('49', '183', '49', '1986-02-16 04:03:43');
INSERT INTO `likes` (`id`, `user_id`, `media_id`, `created_at`) VALUES ('50', '185', '50', '1983-05-02 09:27:19');
INSERT INTO `likes` (`id`, `user_id`, `media_id`, `created_at`) VALUES ('51', '186', '51', '1980-02-19 21:23:22');
INSERT INTO `likes` (`id`, `user_id`, `media_id`, `created_at`) VALUES ('52', '187', '52', '1991-02-17 03:50:07');
INSERT INTO `likes` (`id`, `user_id`, `media_id`, `created_at`) VALUES ('53', '189', '53', '1988-04-04 12:16:47');
INSERT INTO `likes` (`id`, `user_id`, `media_id`, `created_at`) VALUES ('54', '190', '54', '2009-06-11 06:48:49');
INSERT INTO `likes` (`id`, `user_id`, `media_id`, `created_at`) VALUES ('55', '194', '55', '2017-07-29 21:45:58');
INSERT INTO `likes` (`id`, `user_id`, `media_id`, `created_at`) VALUES ('56', '197', '56', '2008-08-07 20:18:50');
INSERT INTO `likes` (`id`, `user_id`, `media_id`, `created_at`) VALUES ('57', '199', '57', '2006-02-19 12:26:41');
INSERT INTO `likes` (`id`, `user_id`, `media_id`, `created_at`) VALUES ('58', '200', '58', '1985-01-02 18:24:22');
INSERT INTO `likes` (`id`, `user_id`, `media_id`, `created_at`) VALUES ('59', '101', '59', '2006-06-09 01:45:00');
INSERT INTO `likes` (`id`, `user_id`, `media_id`, `created_at`) VALUES ('60', '102', '60', '1983-09-20 02:11:52');
INSERT INTO `likes` (`id`, `user_id`, `media_id`, `created_at`) VALUES ('61', '103', '61', '1981-01-10 16:14:52');
INSERT INTO `likes` (`id`, `user_id`, `media_id`, `created_at`) VALUES ('62', '106', '62', '1981-04-14 10:55:41');
INSERT INTO `likes` (`id`, `user_id`, `media_id`, `created_at`) VALUES ('63', '109', '63', '1996-11-14 04:53:42');
INSERT INTO `likes` (`id`, `user_id`, `media_id`, `created_at`) VALUES ('64', '110', '64', '2006-11-04 14:27:38');
INSERT INTO `likes` (`id`, `user_id`, `media_id`, `created_at`) VALUES ('65', '111', '65', '2012-01-18 03:38:43');
INSERT INTO `likes` (`id`, `user_id`, `media_id`, `created_at`) VALUES ('66', '113', '66', '1994-05-20 10:03:09');
INSERT INTO `likes` (`id`, `user_id`, `media_id`, `created_at`) VALUES ('67', '115', '67', '2000-03-14 12:37:50');
INSERT INTO `likes` (`id`, `user_id`, `media_id`, `created_at`) VALUES ('68', '116', '68', '2016-10-12 06:07:40');
INSERT INTO `likes` (`id`, `user_id`, `media_id`, `created_at`) VALUES ('69', '117', '69', '2011-08-25 00:17:01');
INSERT INTO `likes` (`id`, `user_id`, `media_id`, `created_at`) VALUES ('70', '119', '70', '1996-04-25 10:00:19');
INSERT INTO `likes` (`id`, `user_id`, `media_id`, `created_at`) VALUES ('71', '120', '71', '2006-05-15 18:03:50');
INSERT INTO `likes` (`id`, `user_id`, `media_id`, `created_at`) VALUES ('72', '121', '72', '2007-11-18 03:41:28');
INSERT INTO `likes` (`id`, `user_id`, `media_id`, `created_at`) VALUES ('73', '122', '73', '2018-12-16 22:49:32');
INSERT INTO `likes` (`id`, `user_id`, `media_id`, `created_at`) VALUES ('74', '123', '74', '1986-04-08 15:27:00');
INSERT INTO `likes` (`id`, `user_id`, `media_id`, `created_at`) VALUES ('75', '128', '75', '1994-05-23 12:48:10');
INSERT INTO `likes` (`id`, `user_id`, `media_id`, `created_at`) VALUES ('76', '129', '76', '2000-10-24 23:32:15');
INSERT INTO `likes` (`id`, `user_id`, `media_id`, `created_at`) VALUES ('77', '130', '77', '2001-05-19 07:00:11');
INSERT INTO `likes` (`id`, `user_id`, `media_id`, `created_at`) VALUES ('78', '132', '78', '1977-06-01 10:37:08');
INSERT INTO `likes` (`id`, `user_id`, `media_id`, `created_at`) VALUES ('79', '133', '79', '1998-02-07 02:29:31');
INSERT INTO `likes` (`id`, `user_id`, `media_id`, `created_at`) VALUES ('80', '135', '80', '1995-12-08 10:30:48');
INSERT INTO `likes` (`id`, `user_id`, `media_id`, `created_at`) VALUES ('81', '136', '81', '1994-02-14 09:36:02');
INSERT INTO `likes` (`id`, `user_id`, `media_id`, `created_at`) VALUES ('82', '137', '82', '2012-03-18 13:00:39');
INSERT INTO `likes` (`id`, `user_id`, `media_id`, `created_at`) VALUES ('83', '139', '83', '1992-05-05 00:36:14');
INSERT INTO `likes` (`id`, `user_id`, `media_id`, `created_at`) VALUES ('84', '140', '84', '2009-09-24 07:06:32');
INSERT INTO `likes` (`id`, `user_id`, `media_id`, `created_at`) VALUES ('85', '141', '85', '1992-07-19 04:32:14');
INSERT INTO `likes` (`id`, `user_id`, `media_id`, `created_at`) VALUES ('86', '143', '86', '2004-03-24 01:47:33');
INSERT INTO `likes` (`id`, `user_id`, `media_id`, `created_at`) VALUES ('87', '144', '87', '1990-06-22 19:43:52');
INSERT INTO `likes` (`id`, `user_id`, `media_id`, `created_at`) VALUES ('88', '145', '88', '1997-09-05 10:11:54');
INSERT INTO `likes` (`id`, `user_id`, `media_id`, `created_at`) VALUES ('89', '148', '89', '2008-08-20 21:16:38');
INSERT INTO `likes` (`id`, `user_id`, `media_id`, `created_at`) VALUES ('90', '151', '90', '1990-09-29 02:07:55');
INSERT INTO `likes` (`id`, `user_id`, `media_id`, `created_at`) VALUES ('91', '153', '91', '1994-10-18 23:11:09');
INSERT INTO `likes` (`id`, `user_id`, `media_id`, `created_at`) VALUES ('92', '156', '92', '1974-06-23 14:58:33');
INSERT INTO `likes` (`id`, `user_id`, `media_id`, `created_at`) VALUES ('93', '157', '93', '1977-03-17 09:51:20');
INSERT INTO `likes` (`id`, `user_id`, `media_id`, `created_at`) VALUES ('94', '158', '94', '2011-09-07 08:40:01');
INSERT INTO `likes` (`id`, `user_id`, `media_id`, `created_at`) VALUES ('95', '160', '95', '1973-10-26 22:09:25');
INSERT INTO `likes` (`id`, `user_id`, `media_id`, `created_at`) VALUES ('96', '161', '96', '2001-06-18 19:22:50');
INSERT INTO `likes` (`id`, `user_id`, `media_id`, `created_at`) VALUES ('97', '165', '97', '1979-08-27 17:27:27');
INSERT INTO `likes` (`id`, `user_id`, `media_id`, `created_at`) VALUES ('98', '167', '98', '1992-09-06 09:18:33');
INSERT INTO `likes` (`id`, `user_id`, `media_id`, `created_at`) VALUES ('99', '168', '99', '2000-04-02 23:03:14');
INSERT INTO `likes` (`id`, `user_id`, `media_id`, `created_at`) VALUES ('100', '170', '100', '1970-01-02 21:05:19');


#
# TABLE STRUCTURE FOR: media
#

DROP TABLE IF EXISTS `media`;

CREATE TABLE `media` (
  `id` bigint(20) unsigned NOT NULL AUTO_INCREMENT,
  `media_type_id` bigint(20) unsigned NOT NULL,
  `user_id` bigint(20) unsigned NOT NULL,
  `body` text COLLATE utf8mb4_unicode_ci DEFAULT NULL,
  `filename` varchar(255) COLLATE utf8mb4_unicode_ci DEFAULT NULL,
  `size` int(11) DEFAULT NULL,
  `metadata` longtext CHARACTER SET utf8mb4 COLLATE utf8mb4_bin DEFAULT NULL CHECK (json_valid(`metadata`)),
  `created_at` datetime DEFAULT current_timestamp(),
  `updated_at` datetime DEFAULT NULL ON UPDATE current_timestamp(),
  UNIQUE KEY `id` (`id`),
  KEY `user_id` (`user_id`),
  KEY `media_type_id` (`media_type_id`),
  CONSTRAINT `media_ibfk_1` FOREIGN KEY (`user_id`) REFERENCES `users` (`id`),
  CONSTRAINT `media_ibfk_2` FOREIGN KEY (`media_type_id`) REFERENCES `media_types` (`id`)
) ENGINE=InnoDB AUTO_INCREMENT=101 DEFAULT CHARSET=utf8mb4 COLLATE=utf8mb4_unicode_ci;

INSERT INTO `media` (`id`, `media_type_id`, `user_id`, `body`, `filename`, `size`, `metadata`, `created_at`, `updated_at`) VALUES ('1', '1', '101', 'Veritatis quo eos est dolore. Tenetur voluptas a dolorem saepe nulla tempora incidunt. Perspiciatis quia sed ab atque.', 'voluptatum', 713, NULL, '2015-11-09 05:37:33', '1991-07-06 06:57:00');
INSERT INTO `media` (`id`, `media_type_id`, `user_id`, `body`, `filename`, `size`, `metadata`, `created_at`, `updated_at`) VALUES ('2', '2', '102', 'Molestias et autem ea veniam ut. Cupiditate aut temporibus ut laudantium laborum beatae aspernatur. Amet laudantium aut enim omnis pariatur odio.', 'rerum', 6959259, NULL, '2009-05-24 03:12:43', '1995-01-30 00:23:38');
INSERT INTO `media` (`id`, `media_type_id`, `user_id`, `body`, `filename`, `size`, `metadata`, `created_at`, `updated_at`) VALUES ('3', '3', '103', 'Quia enim quibusdam incidunt illo corrupti at. Voluptate voluptas sunt voluptatibus et qui magnam. Occaecati quia aut eveniet ut. Libero aliquid enim rem non totam.', 'harum', 2570, NULL, '1982-11-19 23:40:56', '2003-02-12 20:37:56');
INSERT INTO `media` (`id`, `media_type_id`, `user_id`, `body`, `filename`, `size`, `metadata`, `created_at`, `updated_at`) VALUES ('4', '4', '106', 'Voluptas facere facilis nihil possimus non omnis esse cupiditate. Voluptatem eos molestias corrupti velit dignissimos. Possimus rerum numquam velit repellendus sapiente voluptas.', 'voluptatum', 9440, NULL, '1974-01-10 06:50:32', '1977-09-06 16:32:05');
INSERT INTO `media` (`id`, `media_type_id`, `user_id`, `body`, `filename`, `size`, `metadata`, `created_at`, `updated_at`) VALUES ('5', '5', '109', 'Porro expedita aut aut et vero expedita nisi. Corporis consequatur nobis illum placeat in omnis explicabo. Deleniti dolorem quis animi pariatur est rerum. Et consectetur sed vel sint.', 'et', 60335809, NULL, '2013-10-30 09:23:52', '2018-11-03 00:40:26');
INSERT INTO `media` (`id`, `media_type_id`, `user_id`, `body`, `filename`, `size`, `metadata`, `created_at`, `updated_at`) VALUES ('6', '6', '110', 'Nihil ut est officia animi sunt dolor quia molestias. Ut quis saepe enim nemo commodi facilis occaecati. Tempora totam sint eum et dolor.', 'ea', 117, NULL, '2005-09-02 12:50:21', '1992-01-16 08:12:17');
INSERT INTO `media` (`id`, `media_type_id`, `user_id`, `body`, `filename`, `size`, `metadata`, `created_at`, `updated_at`) VALUES ('7', '7', '111', 'Sit beatae rerum laborum odit eligendi laborum omnis. Cupiditate molestias error repellat veritatis similique esse voluptatum. Sit eos placeat culpa.', 'architecto', 0, NULL, '1971-01-15 14:56:21', '2011-01-04 03:57:38');
INSERT INTO `media` (`id`, `media_type_id`, `user_id`, `body`, `filename`, `size`, `metadata`, `created_at`, `updated_at`) VALUES ('8', '8', '113', 'Aut perspiciatis sit qui nisi. Ut aliquam perspiciatis soluta. Ut nihil consequatur voluptatem.', 'voluptatem', 29722, NULL, '1976-05-21 04:08:43', '1998-06-09 21:39:21');
INSERT INTO `media` (`id`, `media_type_id`, `user_id`, `body`, `filename`, `size`, `metadata`, `created_at`, `updated_at`) VALUES ('9', '9', '115', 'Neque accusamus voluptas cum recusandae omnis dicta voluptate. Nisi dolorum magni aut. Voluptas aliquid modi neque vero.', 'sint', 82, NULL, '1978-01-05 18:23:27', '2021-07-09 10:38:51');
INSERT INTO `media` (`id`, `media_type_id`, `user_id`, `body`, `filename`, `size`, `metadata`, `created_at`, `updated_at`) VALUES ('10', '10', '116', 'Quibusdam deleniti dolores esse id molestiae quidem. Fuga dolorum in consequuntur eius animi deserunt excepturi laboriosam. Placeat adipisci minima veniam aut exercitationem cumque quo harum.', 'ex', 33057903, NULL, '1985-10-23 08:32:39', '2012-11-12 22:32:51');
INSERT INTO `media` (`id`, `media_type_id`, `user_id`, `body`, `filename`, `size`, `metadata`, `created_at`, `updated_at`) VALUES ('11', '11', '117', 'Consequatur modi deserunt iure minus aut. Ea consectetur eaque autem. Eum in tempora sapiente neque quos.', 'ipsa', 8512, NULL, '1996-01-04 16:08:11', '1989-06-12 14:13:30');
INSERT INTO `media` (`id`, `media_type_id`, `user_id`, `body`, `filename`, `size`, `metadata`, `created_at`, `updated_at`) VALUES ('12', '12', '119', 'Nesciunt nulla sed et nemo aut aspernatur aliquam ipsum. Fuga accusantium voluptatem id vel excepturi. Mollitia rerum et ut facilis expedita et inventore.', 'ea', 4865705, NULL, '2015-05-20 08:58:36', '1980-09-22 04:06:21');
INSERT INTO `media` (`id`, `media_type_id`, `user_id`, `body`, `filename`, `size`, `metadata`, `created_at`, `updated_at`) VALUES ('13', '13', '120', 'Enim molestiae est optio quia amet non. Quidem amet qui nobis neque rerum voluptatibus voluptatem. Aperiam enim nesciunt nihil voluptatem rerum est quod quam. Qui molestiae esse nisi enim quam.', 'explicabo', 41516107, NULL, '1983-11-28 04:28:45', '1990-03-03 06:49:56');
INSERT INTO `media` (`id`, `media_type_id`, `user_id`, `body`, `filename`, `size`, `metadata`, `created_at`, `updated_at`) VALUES ('14', '14', '121', 'Eos quia tenetur aspernatur occaecati aspernatur. Totam saepe consequatur voluptate voluptatem laudantium ipsa. Est odio sapiente corrupti voluptatem qui dolorem fugit.', 'vel', 87, NULL, '2004-04-27 10:26:04', '2016-06-08 17:59:32');
INSERT INTO `media` (`id`, `media_type_id`, `user_id`, `body`, `filename`, `size`, `metadata`, `created_at`, `updated_at`) VALUES ('15', '15', '122', 'Rerum enim unde consectetur est voluptas ea qui. Odio vitae tempore ipsam velit quibusdam. Repellat facere illum quas velit illum qui ipsam. Nisi consequuntur dolores rerum aspernatur sequi.', 'enim', 13357, NULL, '2018-01-25 04:05:09', '2009-10-18 22:01:15');
INSERT INTO `media` (`id`, `media_type_id`, `user_id`, `body`, `filename`, `size`, `metadata`, `created_at`, `updated_at`) VALUES ('16', '16', '123', 'Accusantium et ipsam qui quae. Molestiae esse enim quibusdam et consequatur sit. Natus praesentium optio et quis quo culpa. Adipisci tempore aut in officiis dolores aut rerum.', 'et', 49, NULL, '2013-11-02 23:03:52', '1986-12-18 07:29:45');
INSERT INTO `media` (`id`, `media_type_id`, `user_id`, `body`, `filename`, `size`, `metadata`, `created_at`, `updated_at`) VALUES ('17', '17', '128', 'Accusamus quae rerum eos provident qui cum ex. Corrupti nobis perferendis et fugiat saepe nemo expedita. Ut molestiae recusandae sit at est aspernatur. Voluptate velit voluptatem in sit expedita.', 'aut', 470, NULL, '1985-01-05 08:49:27', '1991-08-29 08:59:48');
INSERT INTO `media` (`id`, `media_type_id`, `user_id`, `body`, `filename`, `size`, `metadata`, `created_at`, `updated_at`) VALUES ('18', '18', '129', 'Fugiat dolore quia aliquam at sed voluptatem. Eveniet nemo quas quasi a nisi non sed.', 'vel', 752, NULL, '2017-01-13 11:47:17', '2004-01-24 15:06:45');
INSERT INTO `media` (`id`, `media_type_id`, `user_id`, `body`, `filename`, `size`, `metadata`, `created_at`, `updated_at`) VALUES ('19', '19', '130', 'Qui praesentium consectetur aut ut at. Magni similique omnis maxime sit. Aspernatur ut tenetur placeat sed cum. Dolor dolor est doloribus labore eos voluptas ratione id.', 'deserunt', 6, NULL, '1986-12-22 23:45:42', '2013-09-18 21:46:04');
INSERT INTO `media` (`id`, `media_type_id`, `user_id`, `body`, `filename`, `size`, `metadata`, `created_at`, `updated_at`) VALUES ('20', '20', '132', 'Ut est reiciendis est aut voluptas et. Modi illo eveniet quo voluptas animi beatae.', 'nulla', 50597061, NULL, '1987-08-26 18:26:44', '1997-05-15 18:24:52');
INSERT INTO `media` (`id`, `media_type_id`, `user_id`, `body`, `filename`, `size`, `metadata`, `created_at`, `updated_at`) VALUES ('21', '21', '133', 'Omnis qui animi possimus harum minima pariatur tenetur. Eos ex illum et nobis. Aut itaque nemo id ad non nulla neque quis. Rem est quo quae porro quas atque.', 'ipsam', 8091920, NULL, '2018-03-07 17:00:37', '1994-04-26 01:29:52');
INSERT INTO `media` (`id`, `media_type_id`, `user_id`, `body`, `filename`, `size`, `metadata`, `created_at`, `updated_at`) VALUES ('22', '22', '135', 'Porro quasi corrupti placeat quae. Tenetur distinctio laudantium et harum nostrum. Et minus aut nihil sint ut a voluptatum dolore.', 'omnis', 3, NULL, '2009-02-11 17:44:29', '2016-01-13 23:16:22');
INSERT INTO `media` (`id`, `media_type_id`, `user_id`, `body`, `filename`, `size`, `metadata`, `created_at`, `updated_at`) VALUES ('23', '23', '136', 'Aut corrupti quo eum aliquid qui aut architecto. Sint inventore mollitia ullam omnis reprehenderit. Veniam quia veritatis non excepturi quaerat. Perspiciatis qui nulla vel dolore explicabo fugiat deleniti aspernatur.', 'aut', 52137053, NULL, '1971-04-25 17:32:26', '1997-01-22 10:33:36');
INSERT INTO `media` (`id`, `media_type_id`, `user_id`, `body`, `filename`, `size`, `metadata`, `created_at`, `updated_at`) VALUES ('24', '24', '137', 'Quae ut explicabo vitae omnis voluptatem ducimus. Harum consequuntur quia omnis cupiditate et ducimus perferendis. Expedita et saepe dolores. Ex provident quod sunt voluptatem ex voluptatem.', 'molestias', 0, NULL, '2019-04-28 09:39:39', '1977-11-24 01:50:28');
INSERT INTO `media` (`id`, `media_type_id`, `user_id`, `body`, `filename`, `size`, `metadata`, `created_at`, `updated_at`) VALUES ('25', '25', '139', 'Blanditiis et libero dolorem at non ullam. Quibusdam et numquam repellat nisi. Doloribus laudantium nihil quibusdam. Ipsa ut voluptas velit inventore quisquam.', 'aliquam', 0, NULL, '2008-06-04 12:40:10', '2007-01-15 09:37:59');
INSERT INTO `media` (`id`, `media_type_id`, `user_id`, `body`, `filename`, `size`, `metadata`, `created_at`, `updated_at`) VALUES ('26', '26', '140', 'Iste sed ut iure quas odio possimus quis voluptas. Nam eum aliquid consequatur non iure reiciendis eius. Aut non ut omnis voluptatum sunt doloremque. Commodi ut minus saepe amet officiis. Sint numquam possimus eum.', 'aliquam', 0, NULL, '1988-01-02 03:27:38', '1983-02-18 03:00:47');
INSERT INTO `media` (`id`, `media_type_id`, `user_id`, `body`, `filename`, `size`, `metadata`, `created_at`, `updated_at`) VALUES ('27', '27', '141', 'Assumenda est iste possimus. Optio repellendus molestiae est eligendi et. Voluptas in in quis rerum voluptates. Qui quam totam delectus veritatis autem voluptas voluptas autem. Esse ut dicta qui illo sint atque.', 'ea', 0, NULL, '2005-08-07 21:34:39', '1978-02-01 16:18:24');
INSERT INTO `media` (`id`, `media_type_id`, `user_id`, `body`, `filename`, `size`, `metadata`, `created_at`, `updated_at`) VALUES ('28', '28', '143', 'Quis est ut quae. Quis eius eum iusto et cupiditate quia aut. Similique quod non sed vel dolorum ipsam a. Natus veniam incidunt unde explicabo quo minus voluptatibus.', 'distinctio', 631, NULL, '1976-10-01 15:25:43', '1993-09-17 05:39:37');
INSERT INTO `media` (`id`, `media_type_id`, `user_id`, `body`, `filename`, `size`, `metadata`, `created_at`, `updated_at`) VALUES ('29', '29', '144', 'Illo eveniet similique natus explicabo incidunt qui velit. Alias enim iusto omnis eos expedita illum perferendis vero. Non rerum fugiat animi ullam. In qui consequatur ea explicabo.', 'libero', 0, NULL, '2009-07-30 07:14:40', '2007-02-21 07:13:14');
INSERT INTO `media` (`id`, `media_type_id`, `user_id`, `body`, `filename`, `size`, `metadata`, `created_at`, `updated_at`) VALUES ('30', '30', '145', 'Voluptas iusto et consequatur possimus est. Modi officia nisi aspernatur nisi qui maiores vel.', 'aperiam', 29232, NULL, '2008-05-27 10:11:09', '1983-09-17 05:58:04');
INSERT INTO `media` (`id`, `media_type_id`, `user_id`, `body`, `filename`, `size`, `metadata`, `created_at`, `updated_at`) VALUES ('31', '31', '148', 'Sequi temporibus architecto incidunt corrupti ea quia dignissimos quia. Maiores sit quia animi veritatis porro voluptas fuga hic. Nihil cupiditate deserunt sequi reprehenderit nobis. Temporibus corporis ipsam voluptatibus autem est.', 'non', 0, NULL, '2018-04-11 12:02:01', '2006-03-12 00:59:39');
INSERT INTO `media` (`id`, `media_type_id`, `user_id`, `body`, `filename`, `size`, `metadata`, `created_at`, `updated_at`) VALUES ('32', '32', '151', 'Facilis ex dolorum sit. Saepe voluptas illo magnam voluptas quos. Aut error ut sequi est.', 'suscipit', 55402309, NULL, '2014-09-21 19:45:33', '2006-06-02 20:42:52');
INSERT INTO `media` (`id`, `media_type_id`, `user_id`, `body`, `filename`, `size`, `metadata`, `created_at`, `updated_at`) VALUES ('33', '33', '153', 'Ut totam qui quo voluptas provident dolorem ea natus. Quisquam voluptatem qui aut sapiente ut quo numquam est. Maiores laudantium ullam culpa incidunt ipsa. Sed non qui ut vero dolor inventore dolor.', 'culpa', 66278, NULL, '2011-04-24 14:42:56', '1977-06-17 16:20:03');
INSERT INTO `media` (`id`, `media_type_id`, `user_id`, `body`, `filename`, `size`, `metadata`, `created_at`, `updated_at`) VALUES ('34', '34', '156', 'Qui voluptate eaque voluptate. Et quia et laborum quos omnis. Aliquam expedita repudiandae deserunt corporis dignissimos voluptatem tempora ut.', 'qui', 0, NULL, '2021-07-11 03:21:03', '1991-05-18 19:00:56');
INSERT INTO `media` (`id`, `media_type_id`, `user_id`, `body`, `filename`, `size`, `metadata`, `created_at`, `updated_at`) VALUES ('35', '35', '157', 'Temporibus et consequuntur dolorem nobis eos. Odio vitae officia nesciunt neque tempore quis. Eligendi excepturi aspernatur consequatur quia dolor tempora. Aut dolorem pariatur necessitatibus earum sint voluptatem reiciendis magnam.', 'alias', 879190357, NULL, '2007-03-22 17:55:02', '1981-07-16 11:54:24');
INSERT INTO `media` (`id`, `media_type_id`, `user_id`, `body`, `filename`, `size`, `metadata`, `created_at`, `updated_at`) VALUES ('36', '36', '158', 'Sint voluptas minus voluptatem consequuntur. Dolore eos et et et pariatur.', 'et', 721006708, NULL, '2000-03-27 14:28:40', '1988-03-01 16:38:20');
INSERT INTO `media` (`id`, `media_type_id`, `user_id`, `body`, `filename`, `size`, `metadata`, `created_at`, `updated_at`) VALUES ('37', '37', '160', 'Ex ad nulla ducimus. Laboriosam laudantium praesentium eveniet corporis sit quaerat. Quasi in ut molestias aut ut vitae.', 'voluptatibus', 9, NULL, '2000-05-06 22:26:26', '1992-07-07 05:03:23');
INSERT INTO `media` (`id`, `media_type_id`, `user_id`, `body`, `filename`, `size`, `metadata`, `created_at`, `updated_at`) VALUES ('38', '38', '161', 'Nostrum quae repellendus fugiat sunt esse itaque laudantium. Et amet est assumenda doloremque sit ea magnam quidem.', 'amet', 91458, NULL, '1996-12-27 14:21:44', '1988-05-30 04:58:51');
INSERT INTO `media` (`id`, `media_type_id`, `user_id`, `body`, `filename`, `size`, `metadata`, `created_at`, `updated_at`) VALUES ('39', '39', '165', 'Repellendus et cum minima minima nulla quisquam at. Sequi ut ex hic aperiam molestiae vitae. Aliquid ut quasi quam et eligendi similique aliquam.', 'est', 4898753, NULL, '2015-06-05 10:19:52', '1986-02-11 15:15:08');
INSERT INTO `media` (`id`, `media_type_id`, `user_id`, `body`, `filename`, `size`, `metadata`, `created_at`, `updated_at`) VALUES ('40', '40', '167', 'Est aut rerum consectetur tenetur. Eveniet nihil odio doloribus ut reprehenderit autem ex. Consequatur dolor cupiditate reprehenderit enim eveniet non.', 'omnis', 0, NULL, '2018-09-14 01:01:41', '2003-11-22 15:57:14');
INSERT INTO `media` (`id`, `media_type_id`, `user_id`, `body`, `filename`, `size`, `metadata`, `created_at`, `updated_at`) VALUES ('41', '41', '168', 'Minus repellat ad rem non voluptas aut. Aut modi sed qui nostrum porro culpa. Aperiam officiis error tempore voluptatibus nihil optio est. Illum aut assumenda similique odio enim quo.', 'hic', 7, NULL, '1995-07-07 21:05:52', '1977-04-18 01:31:12');
INSERT INTO `media` (`id`, `media_type_id`, `user_id`, `body`, `filename`, `size`, `metadata`, `created_at`, `updated_at`) VALUES ('42', '42', '170', 'Ad quas maiores eum voluptatibus dolorem commodi occaecati. Commodi et sunt omnis beatae aut debitis. Ratione eum cumque tempore aut.', 'hic', 87892811, NULL, '2017-01-22 16:15:01', '2009-03-26 11:35:34');
INSERT INTO `media` (`id`, `media_type_id`, `user_id`, `body`, `filename`, `size`, `metadata`, `created_at`, `updated_at`) VALUES ('43', '43', '174', 'Animi sit cum repudiandae magni asperiores. Ipsam fugiat modi a quidem ducimus. Molestiae voluptatibus voluptatum minima et laudantium magni amet. Impedit animi harum est.', 'odit', 7, NULL, '2014-12-04 20:37:29', '2021-07-02 06:58:35');
INSERT INTO `media` (`id`, `media_type_id`, `user_id`, `body`, `filename`, `size`, `metadata`, `created_at`, `updated_at`) VALUES ('44', '44', '175', 'Voluptatem cumque voluptatem quisquam pariatur corrupti porro. Aut illum dolorem qui incidunt deserunt.', 'odio', 45237, NULL, '1974-02-21 02:50:29', '2010-07-18 20:52:22');
INSERT INTO `media` (`id`, `media_type_id`, `user_id`, `body`, `filename`, `size`, `metadata`, `created_at`, `updated_at`) VALUES ('45', '45', '176', 'Est at eos dolores porro error amet. Odio voluptatem sed eum itaque eos id ratione facere. Eaque aut quam mollitia iste quia ut. Nesciunt odio atque ut omnis at.', 'et', 34067, NULL, '1972-09-27 16:23:55', '1999-02-26 15:01:30');
INSERT INTO `media` (`id`, `media_type_id`, `user_id`, `body`, `filename`, `size`, `metadata`, `created_at`, `updated_at`) VALUES ('46', '46', '177', 'Facilis in voluptatem repudiandae. Illo laborum ut repellat quam rerum quibusdam. Voluptatum labore quibusdam qui libero.', 'aut', 28, NULL, '1970-10-01 20:35:35', '2015-03-12 21:18:07');
INSERT INTO `media` (`id`, `media_type_id`, `user_id`, `body`, `filename`, `size`, `metadata`, `created_at`, `updated_at`) VALUES ('47', '47', '179', 'Fuga tempore cumque sit tempore et possimus qui. Quaerat eum est eius fuga accusantium autem nobis adipisci. Excepturi et vel quasi iure qui.', 'velit', 425, NULL, '1989-11-10 11:22:56', '1981-12-23 07:58:00');
INSERT INTO `media` (`id`, `media_type_id`, `user_id`, `body`, `filename`, `size`, `metadata`, `created_at`, `updated_at`) VALUES ('48', '48', '180', 'Quaerat deserunt autem voluptates qui adipisci est. Ut harum porro debitis explicabo rerum beatae. Maxime incidunt beatae harum maxime et officiis. Iusto omnis delectus labore corporis eos consectetur minima incidunt.', 'enim', 11268634, NULL, '2017-05-02 12:42:06', '1993-10-23 23:48:11');
INSERT INTO `media` (`id`, `media_type_id`, `user_id`, `body`, `filename`, `size`, `metadata`, `created_at`, `updated_at`) VALUES ('49', '49', '183', 'Rerum ab qui et possimus qui veritatis adipisci. Commodi dolor id corrupti sed optio est.', 'ullam', 2352, NULL, '1998-03-06 16:01:13', '1981-11-28 05:12:54');
INSERT INTO `media` (`id`, `media_type_id`, `user_id`, `body`, `filename`, `size`, `metadata`, `created_at`, `updated_at`) VALUES ('50', '50', '185', 'Dignissimos quia aut earum et. Dolore repudiandae id iste velit fugiat quia quia. Eos voluptatem nemo aperiam corrupti sit. Reprehenderit dolores laborum qui cumque.', 'aperiam', 0, NULL, '2002-01-19 20:06:00', '1994-01-08 19:29:46');
INSERT INTO `media` (`id`, `media_type_id`, `user_id`, `body`, `filename`, `size`, `metadata`, `created_at`, `updated_at`) VALUES ('51', '51', '186', 'Laborum expedita nulla repudiandae dolores ut. Ut quia quo quisquam dolores. Ipsum facere aut culpa esse reiciendis.', 'officia', 4, NULL, '2015-05-25 10:03:57', '2017-07-16 22:22:39');
INSERT INTO `media` (`id`, `media_type_id`, `user_id`, `body`, `filename`, `size`, `metadata`, `created_at`, `updated_at`) VALUES ('52', '52', '187', 'Dignissimos velit perferendis voluptatem asperiores. Maxime reiciendis voluptatibus veritatis sapiente neque velit. Cumque cum maiores illo. Architecto ea vitae architecto placeat. Vero quae et labore fuga est.', 'voluptas', 597, NULL, '2000-08-05 18:17:54', '1981-12-20 02:38:45');
INSERT INTO `media` (`id`, `media_type_id`, `user_id`, `body`, `filename`, `size`, `metadata`, `created_at`, `updated_at`) VALUES ('53', '53', '189', 'Aliquid in unde sunt voluptatum. Aut numquam quidem ex ullam et dolorum id. Omnis ducimus iure dolorem vel officia possimus. Voluptatibus quam est et.', 'nobis', 825636, NULL, '2013-11-23 17:32:36', '2012-08-29 12:37:59');
INSERT INTO `media` (`id`, `media_type_id`, `user_id`, `body`, `filename`, `size`, `metadata`, `created_at`, `updated_at`) VALUES ('54', '54', '190', 'Consequatur possimus deserunt qui recusandae sint doloribus. Voluptatem nostrum quos et veniam. Et eius exercitationem quidem. Reprehenderit qui quasi non repudiandae explicabo. Culpa consequuntur qui autem sit quibusdam facilis.', 'pariatur', 189512, NULL, '1991-07-23 13:10:23', '1998-02-21 00:23:58');
INSERT INTO `media` (`id`, `media_type_id`, `user_id`, `body`, `filename`, `size`, `metadata`, `created_at`, `updated_at`) VALUES ('55', '55', '194', 'Maxime ut sed laudantium velit. Debitis qui nulla aliquam id ut non. Qui optio voluptatibus accusantium natus. Omnis saepe voluptatem similique omnis.', 'voluptas', 435277, NULL, '1974-04-18 08:03:24', '1984-12-13 23:22:12');
INSERT INTO `media` (`id`, `media_type_id`, `user_id`, `body`, `filename`, `size`, `metadata`, `created_at`, `updated_at`) VALUES ('56', '56', '197', 'Perferendis et a fuga ut velit omnis labore laborum. Corrupti labore ut consequatur aut deserunt sint in enim. In odio placeat tenetur sed voluptas consequatur a non. Provident minima labore ut sed eius autem adipisci.', 'assumenda', 3299446, NULL, '2014-08-28 13:20:27', '1980-04-07 20:08:37');
INSERT INTO `media` (`id`, `media_type_id`, `user_id`, `body`, `filename`, `size`, `metadata`, `created_at`, `updated_at`) VALUES ('57', '57', '199', 'Facere et unde molestias vitae. Qui laboriosam consequuntur et eius est. Voluptatum vero harum vero consectetur eius quidem fuga.', 'deleniti', 6396521, NULL, '1997-06-17 04:51:38', '2004-03-01 19:51:58');
INSERT INTO `media` (`id`, `media_type_id`, `user_id`, `body`, `filename`, `size`, `metadata`, `created_at`, `updated_at`) VALUES ('58', '58', '200', 'Suscipit autem doloribus dicta sed ad sit. Quis illo placeat nemo placeat nobis. Et repellat quod consectetur minus sint et. Impedit voluptatem facilis esse sed. Eligendi laborum rerum magni.', 'atque', 955693698, NULL, '1984-12-17 23:05:02', '1975-11-13 12:01:39');
INSERT INTO `media` (`id`, `media_type_id`, `user_id`, `body`, `filename`, `size`, `metadata`, `created_at`, `updated_at`) VALUES ('59', '59', '101', 'Odit ut praesentium non nobis omnis. Quo laboriosam alias omnis. Maiores minus voluptatum voluptatem id voluptatibus placeat aut.', 'nam', 12, NULL, '2004-11-16 23:37:06', '2017-02-14 10:14:44');
INSERT INTO `media` (`id`, `media_type_id`, `user_id`, `body`, `filename`, `size`, `metadata`, `created_at`, `updated_at`) VALUES ('60', '60', '102', 'Voluptatibus esse cum omnis sint nihil occaecati nemo saepe. Voluptates quibusdam voluptatem eum incidunt qui dolores. Et aut est ad laudantium. Quis in explicabo magni alias magnam eveniet.', 'totam', 3075877, NULL, '1991-06-15 14:43:28', '2016-06-10 15:12:29');
INSERT INTO `media` (`id`, `media_type_id`, `user_id`, `body`, `filename`, `size`, `metadata`, `created_at`, `updated_at`) VALUES ('61', '61', '103', 'Et voluptate et unde sapiente aspernatur ut maiores. Aut rem est ducimus quia architecto rerum dolore. Aliquid aut facilis quibusdam molestiae officiis ea.', 'officiis', 40, NULL, '1976-04-13 11:39:56', '1997-02-17 00:45:25');
INSERT INTO `media` (`id`, `media_type_id`, `user_id`, `body`, `filename`, `size`, `metadata`, `created_at`, `updated_at`) VALUES ('62', '62', '106', 'Quo mollitia vero voluptatem culpa perspiciatis optio. Quo nam consectetur atque consequatur voluptas eius. Totam quis voluptates odio. Voluptatem eum autem ab cum.', 'aut', 34365274, NULL, '1987-05-05 11:04:43', '1992-09-17 10:50:00');
INSERT INTO `media` (`id`, `media_type_id`, `user_id`, `body`, `filename`, `size`, `metadata`, `created_at`, `updated_at`) VALUES ('63', '63', '109', 'Occaecati dolorem sit enim iusto. Doloremque delectus esse sunt est in et est id. Modi enim perspiciatis amet quam velit ullam.', 'accusantium', 6711434, NULL, '2018-10-24 09:17:35', '1992-07-16 08:01:45');
INSERT INTO `media` (`id`, `media_type_id`, `user_id`, `body`, `filename`, `size`, `metadata`, `created_at`, `updated_at`) VALUES ('64', '64', '110', 'Amet voluptas et ipsum sit voluptatem modi. Officiis eum voluptate esse repudiandae harum. Hic possimus saepe laudantium tenetur praesentium numquam et.', 'temporibus', 442866328, NULL, '1977-11-17 04:39:37', '2014-08-17 10:26:10');
INSERT INTO `media` (`id`, `media_type_id`, `user_id`, `body`, `filename`, `size`, `metadata`, `created_at`, `updated_at`) VALUES ('65', '65', '111', 'Sint sit qui eum. Aut libero libero culpa illum ullam maxime suscipit. Iste minima distinctio vero magni in.', 'blanditiis', 1809348, NULL, '1977-08-06 15:32:50', '2006-07-12 06:38:41');
INSERT INTO `media` (`id`, `media_type_id`, `user_id`, `body`, `filename`, `size`, `metadata`, `created_at`, `updated_at`) VALUES ('66', '66', '113', 'Sed earum debitis voluptas illo. Et debitis libero aliquam dolorem. Et consectetur eveniet magnam voluptatem dolor fuga ducimus.', 'officiis', 633511500, NULL, '2020-03-29 23:43:21', '1976-06-20 00:13:50');
INSERT INTO `media` (`id`, `media_type_id`, `user_id`, `body`, `filename`, `size`, `metadata`, `created_at`, `updated_at`) VALUES ('67', '67', '115', 'Veniam non sunt cumque praesentium ipsa ut aperiam quia. Debitis ullam nam suscipit eaque eos. Eum rerum et iusto et perferendis consequatur.', 'quia', 744, NULL, '2017-04-16 01:21:14', '1997-01-16 11:17:34');
INSERT INTO `media` (`id`, `media_type_id`, `user_id`, `body`, `filename`, `size`, `metadata`, `created_at`, `updated_at`) VALUES ('68', '68', '116', 'Omnis quos occaecati voluptatum nam. Asperiores et quod odit accusamus consequatur aut odit. Similique ea neque eius eum.', 'iste', 52036, NULL, '1973-09-04 02:53:26', '2015-09-11 12:53:58');
INSERT INTO `media` (`id`, `media_type_id`, `user_id`, `body`, `filename`, `size`, `metadata`, `created_at`, `updated_at`) VALUES ('69', '69', '117', 'Quo et excepturi nostrum et aut. Ipsa tempore voluptates quia atque dicta aspernatur laborum accusantium. Enim ea minus et commodi temporibus.', 'nihil', 8177, NULL, '1979-09-16 11:12:17', '1974-05-20 18:51:15');
INSERT INTO `media` (`id`, `media_type_id`, `user_id`, `body`, `filename`, `size`, `metadata`, `created_at`, `updated_at`) VALUES ('70', '70', '119', 'Quod omnis et nobis et necessitatibus. Nobis cumque quia nisi aut ratione ipsa. Rerum magni mollitia aut. Commodi eius eos id nesciunt nulla et.', 'qui', 2077872, NULL, '1970-12-10 22:00:01', '2011-11-11 02:30:43');
INSERT INTO `media` (`id`, `media_type_id`, `user_id`, `body`, `filename`, `size`, `metadata`, `created_at`, `updated_at`) VALUES ('71', '71', '120', 'Ullam sapiente illum nihil culpa. Quaerat et voluptatem dolores nisi sed esse. Ut qui in eveniet aliquam sed.', 'impedit', 2699916, NULL, '1994-09-11 17:48:04', '1979-08-13 05:44:43');
INSERT INTO `media` (`id`, `media_type_id`, `user_id`, `body`, `filename`, `size`, `metadata`, `created_at`, `updated_at`) VALUES ('72', '72', '121', 'Dolor est quaerat et. Nostrum eum ullam necessitatibus dolor aut. Earum aspernatur sed recusandae non exercitationem. Nobis sit dolorem vel molestias in ipsam qui.', 'rerum', 315, NULL, '1981-04-24 10:45:51', '1975-08-19 02:01:21');
INSERT INTO `media` (`id`, `media_type_id`, `user_id`, `body`, `filename`, `size`, `metadata`, `created_at`, `updated_at`) VALUES ('73', '73', '122', 'Et iusto laborum quo. Velit aut quo eum. Amet vitae deleniti sunt dolor possimus et eum repellendus.', 'veritatis', 4166, NULL, '1997-01-06 21:55:27', '1983-06-12 16:40:41');
INSERT INTO `media` (`id`, `media_type_id`, `user_id`, `body`, `filename`, `size`, `metadata`, `created_at`, `updated_at`) VALUES ('74', '74', '123', 'Id accusantium quos exercitationem. Quia error sint sunt aut. Reprehenderit est incidunt iste enim consequatur voluptatem.', 'enim', 556381340, NULL, '1976-02-08 22:27:32', '2006-04-11 03:13:44');
INSERT INTO `media` (`id`, `media_type_id`, `user_id`, `body`, `filename`, `size`, `metadata`, `created_at`, `updated_at`) VALUES ('75', '75', '128', 'Autem similique qui iusto id quas. Nemo et odio voluptas est consequuntur iste.', 'velit', 0, NULL, '2021-02-02 10:58:44', '1971-01-20 10:52:20');
INSERT INTO `media` (`id`, `media_type_id`, `user_id`, `body`, `filename`, `size`, `metadata`, `created_at`, `updated_at`) VALUES ('76', '76', '129', 'In corrupti omnis voluptas quaerat iste dignissimos voluptas. Sed cupiditate quidem eum magnam quibusdam ducimus atque.', 'itaque', 11, NULL, '1983-02-14 22:09:33', '1974-04-02 08:28:43');
INSERT INTO `media` (`id`, `media_type_id`, `user_id`, `body`, `filename`, `size`, `metadata`, `created_at`, `updated_at`) VALUES ('77', '77', '130', 'Consectetur rerum nostrum voluptatem tempora voluptas qui libero cumque. Quam tempora ducimus ut sint. Et sit et deleniti placeat. Cupiditate quia eius numquam consectetur autem perferendis voluptate provident.', 'accusamus', 84, NULL, '1983-09-29 13:56:43', '2015-01-15 13:49:18');
INSERT INTO `media` (`id`, `media_type_id`, `user_id`, `body`, `filename`, `size`, `metadata`, `created_at`, `updated_at`) VALUES ('78', '78', '132', 'Ea laborum dolorem ipsam et. Quaerat aut corporis quia accusantium tempora reprehenderit. Quia aliquam excepturi ipsa asperiores nihil dolorem atque. Incidunt dolorum rerum veniam culpa mollitia eum.', 'quis', 741, NULL, '1980-10-16 22:11:30', '2010-12-27 21:58:09');
INSERT INTO `media` (`id`, `media_type_id`, `user_id`, `body`, `filename`, `size`, `metadata`, `created_at`, `updated_at`) VALUES ('79', '79', '133', 'Voluptas distinctio debitis sed amet delectus esse cum quam. Ea aspernatur alias qui enim eveniet et. Aliquam molestiae fuga error quam. Est et sit neque qui ut.', 'et', 33, NULL, '2009-12-29 02:51:48', '1972-08-11 13:45:10');
INSERT INTO `media` (`id`, `media_type_id`, `user_id`, `body`, `filename`, `size`, `metadata`, `created_at`, `updated_at`) VALUES ('80', '80', '135', 'Quas sint officia aut consequatur corporis voluptate tempore veritatis. Id voluptas expedita aut inventore eveniet.', 'est', 7620718, NULL, '1980-12-18 00:27:09', '2000-09-18 04:15:40');
INSERT INTO `media` (`id`, `media_type_id`, `user_id`, `body`, `filename`, `size`, `metadata`, `created_at`, `updated_at`) VALUES ('81', '81', '136', 'Aut alias et quo et veniam. Ipsa dolor cumque voluptatem id earum aperiam.', 'dolore', 74, NULL, '1985-03-04 10:43:10', '2002-02-03 21:09:38');
INSERT INTO `media` (`id`, `media_type_id`, `user_id`, `body`, `filename`, `size`, `metadata`, `created_at`, `updated_at`) VALUES ('82', '82', '137', 'Sit corrupti veniam ut dolores. Voluptatum at ut illum quis.', 'voluptate', 7503249, NULL, '2009-02-22 01:36:34', '1990-02-17 02:24:26');
INSERT INTO `media` (`id`, `media_type_id`, `user_id`, `body`, `filename`, `size`, `metadata`, `created_at`, `updated_at`) VALUES ('83', '83', '139', 'Et sunt quis quam voluptas asperiores hic. Exercitationem non nobis earum. Est totam quo quia perferendis et.', 'error', 4, NULL, '1972-05-02 21:26:23', '1997-01-22 12:27:06');
INSERT INTO `media` (`id`, `media_type_id`, `user_id`, `body`, `filename`, `size`, `metadata`, `created_at`, `updated_at`) VALUES ('84', '84', '140', 'A reiciendis omnis dolorem deserunt molestiae odio voluptatem. Et explicabo voluptatem dolores nostrum. Suscipit dolorem libero aperiam perferendis quo dolorem.', 'expedita', 32029, NULL, '2005-01-08 22:31:20', '1970-11-14 06:36:28');
INSERT INTO `media` (`id`, `media_type_id`, `user_id`, `body`, `filename`, `size`, `metadata`, `created_at`, `updated_at`) VALUES ('85', '85', '141', 'Enim deleniti dignissimos doloribus ratione aliquid quae. Illo reprehenderit tenetur veritatis et distinctio. Aliquid ut adipisci dicta aliquid nemo. Consequatur aspernatur assumenda dolores debitis veritatis sed est.', 'nemo', 9450, NULL, '2017-06-28 06:06:35', '2012-06-05 16:48:12');
INSERT INTO `media` (`id`, `media_type_id`, `user_id`, `body`, `filename`, `size`, `metadata`, `created_at`, `updated_at`) VALUES ('86', '86', '143', 'Dolor qui earum error molestias qui esse impedit. Nisi consectetur recusandae sit in sunt. Rerum veniam quo doloribus eveniet.', 'molestiae', 2, NULL, '2000-03-03 21:13:33', '1996-03-09 14:50:26');
INSERT INTO `media` (`id`, `media_type_id`, `user_id`, `body`, `filename`, `size`, `metadata`, `created_at`, `updated_at`) VALUES ('87', '87', '144', 'Aut quos sapiente aut veritatis dolorum quia. Similique provident numquam aut mollitia iste quis ut. Quibusdam neque eaque ut aut incidunt autem veniam est.', 'dolore', 124588, NULL, '2010-08-29 01:37:04', '1978-07-12 05:32:07');
INSERT INTO `media` (`id`, `media_type_id`, `user_id`, `body`, `filename`, `size`, `metadata`, `created_at`, `updated_at`) VALUES ('88', '88', '145', 'Ullam sed voluptatem aut et. Sed officia soluta officia voluptatum molestiae cumque accusamus assumenda. Et ex nostrum facilis velit recusandae id expedita.', 'eum', 55, NULL, '2011-01-06 23:15:30', '2006-07-17 23:20:46');
INSERT INTO `media` (`id`, `media_type_id`, `user_id`, `body`, `filename`, `size`, `metadata`, `created_at`, `updated_at`) VALUES ('89', '89', '148', 'Quidem et dicta excepturi totam quia voluptates eum. Modi rerum laudantium dicta consequatur et velit. Reiciendis velit praesentium aut praesentium. Aut illo sunt et. Quia similique est consequatur laboriosam.', 'ut', 9, NULL, '1971-06-23 23:06:03', '2021-01-30 10:59:44');
INSERT INTO `media` (`id`, `media_type_id`, `user_id`, `body`, `filename`, `size`, `metadata`, `created_at`, `updated_at`) VALUES ('90', '90', '151', 'Natus eum praesentium repellendus unde amet ea. Unde sit voluptatum corporis.', 'eius', 0, NULL, '1986-08-09 08:27:17', '1990-03-19 14:13:18');
INSERT INTO `media` (`id`, `media_type_id`, `user_id`, `body`, `filename`, `size`, `metadata`, `created_at`, `updated_at`) VALUES ('91', '91', '153', 'Enim cumque occaecati quis aspernatur architecto harum porro. Aperiam voluptas molestiae sed enim exercitationem quia. Reiciendis et autem optio.', 'qui', 761463, NULL, '2007-05-06 02:33:17', '1976-08-09 23:55:29');
INSERT INTO `media` (`id`, `media_type_id`, `user_id`, `body`, `filename`, `size`, `metadata`, `created_at`, `updated_at`) VALUES ('92', '92', '156', 'Quo corporis aut voluptatem possimus quos inventore et. Aperiam vel nobis aliquam adipisci eius.', 'est', 7853, NULL, '1979-07-22 20:56:54', '1978-07-01 13:42:48');
INSERT INTO `media` (`id`, `media_type_id`, `user_id`, `body`, `filename`, `size`, `metadata`, `created_at`, `updated_at`) VALUES ('93', '93', '157', 'Rerum numquam nulla ea ad saepe. Nisi voluptatem minus vel quis voluptas. Reiciendis hic dolor repellat enim laborum. Voluptate ducimus omnis minus molestiae nisi earum et. Et magnam voluptas vero sed voluptatem dolorem est.', 'facere', 564, NULL, '1997-05-29 00:02:31', '2008-05-22 19:11:27');
INSERT INTO `media` (`id`, `media_type_id`, `user_id`, `body`, `filename`, `size`, `metadata`, `created_at`, `updated_at`) VALUES ('94', '94', '158', 'Quia in ipsa at dolor ut. Deleniti laborum repellat dolores non dolorum occaecati. Temporibus repellendus tempore cupiditate repellat. Laborum accusamus nihil delectus consectetur sequi ipsam.', 'ut', 0, NULL, '1996-11-08 16:21:50', '2017-03-05 21:16:16');
INSERT INTO `media` (`id`, `media_type_id`, `user_id`, `body`, `filename`, `size`, `metadata`, `created_at`, `updated_at`) VALUES ('95', '95', '160', 'Qui assumenda iste itaque qui soluta. Rerum autem itaque laboriosam. Aut libero eos quo ea dolor qui.', 'et', 4584198, NULL, '2003-04-07 19:41:08', '1999-02-01 12:41:12');
INSERT INTO `media` (`id`, `media_type_id`, `user_id`, `body`, `filename`, `size`, `metadata`, `created_at`, `updated_at`) VALUES ('96', '96', '161', 'Iste rerum odio itaque illum. Et hic quia consequatur aut. Magnam est ex perspiciatis nobis optio assumenda voluptas.', 'in', 826054517, NULL, '1998-05-23 03:50:54', '2008-03-05 13:39:42');
INSERT INTO `media` (`id`, `media_type_id`, `user_id`, `body`, `filename`, `size`, `metadata`, `created_at`, `updated_at`) VALUES ('97', '97', '165', 'Ex debitis voluptatem alias aut. Corporis magni deleniti quia. Recusandae aut autem dicta nemo ut omnis.', 'eius', 27845, NULL, '2004-03-23 22:51:49', '2015-02-02 21:43:27');
INSERT INTO `media` (`id`, `media_type_id`, `user_id`, `body`, `filename`, `size`, `metadata`, `created_at`, `updated_at`) VALUES ('98', '98', '167', 'Consequatur consequuntur aliquam dolor mollitia sit. Occaecati quis atque delectus corrupti sed ipsam. Itaque sequi praesentium veritatis accusamus repudiandae recusandae fugiat.', 'quibusdam', 679032, NULL, '1971-04-25 09:41:25', '1973-12-23 11:48:52');
INSERT INTO `media` (`id`, `media_type_id`, `user_id`, `body`, `filename`, `size`, `metadata`, `created_at`, `updated_at`) VALUES ('99', '99', '168', 'Soluta totam sapiente voluptas magni natus aliquam. Tenetur eum dolorem in eveniet.', 'et', 95187, NULL, '2010-01-27 12:21:43', '2008-10-09 21:05:27');
INSERT INTO `media` (`id`, `media_type_id`, `user_id`, `body`, `filename`, `size`, `metadata`, `created_at`, `updated_at`) VALUES ('100', '100', '170', 'Provident iusto qui consequatur hic. Dolores sint est rerum. Rerum et porro officia doloribus perferendis sit ut.', 'voluptas', 6, NULL, '1997-03-20 04:31:54', '1987-11-17 09:56:32');


#
# TABLE STRUCTURE FOR: media_types
#

DROP TABLE IF EXISTS `media_types`;

CREATE TABLE `media_types` (
  `id` bigint(20) unsigned NOT NULL AUTO_INCREMENT,
  `name` varchar(255) COLLATE utf8mb4_unicode_ci DEFAULT NULL,
  `created_at` datetime DEFAULT current_timestamp(),
  `updated_at` datetime DEFAULT NULL ON UPDATE current_timestamp(),
  UNIQUE KEY `id` (`id`)
) ENGINE=InnoDB AUTO_INCREMENT=101 DEFAULT CHARSET=utf8mb4 COLLATE=utf8mb4_unicode_ci;

INSERT INTO `media_types` (`id`, `name`, `created_at`, `updated_at`) VALUES ('1', 'et', '2000-06-20 20:17:53', '1988-10-03 21:07:41');
INSERT INTO `media_types` (`id`, `name`, `created_at`, `updated_at`) VALUES ('2', 'ut', '1982-01-09 02:10:52', '1993-08-10 16:40:18');
INSERT INTO `media_types` (`id`, `name`, `created_at`, `updated_at`) VALUES ('3', 'doloremque', '1971-03-06 06:17:42', '1995-12-19 13:23:17');
INSERT INTO `media_types` (`id`, `name`, `created_at`, `updated_at`) VALUES ('4', 'eveniet', '1972-03-11 12:42:44', '1993-06-01 15:45:50');
INSERT INTO `media_types` (`id`, `name`, `created_at`, `updated_at`) VALUES ('5', 'ratione', '1973-01-13 12:42:01', '2011-11-17 10:35:11');
INSERT INTO `media_types` (`id`, `name`, `created_at`, `updated_at`) VALUES ('6', 'quia', '1974-07-23 17:46:13', '1991-01-07 17:13:13');
INSERT INTO `media_types` (`id`, `name`, `created_at`, `updated_at`) VALUES ('7', 'saepe', '1995-03-10 22:10:10', '2011-02-08 15:50:49');
INSERT INTO `media_types` (`id`, `name`, `created_at`, `updated_at`) VALUES ('8', 'reprehenderit', '2009-09-27 15:44:20', '1979-11-04 22:46:01');
INSERT INTO `media_types` (`id`, `name`, `created_at`, `updated_at`) VALUES ('9', 'reiciendis', '1992-10-30 10:56:04', '2019-07-22 10:44:00');
INSERT INTO `media_types` (`id`, `name`, `created_at`, `updated_at`) VALUES ('10', 'neque', '2001-10-23 20:28:34', '1996-10-20 08:55:57');
INSERT INTO `media_types` (`id`, `name`, `created_at`, `updated_at`) VALUES ('11', 'dolores', '1984-09-17 13:44:15', '2015-06-25 07:29:51');
INSERT INTO `media_types` (`id`, `name`, `created_at`, `updated_at`) VALUES ('12', 'dignissimos', '2015-12-02 01:36:10', '1984-12-25 13:07:17');
INSERT INTO `media_types` (`id`, `name`, `created_at`, `updated_at`) VALUES ('13', 'ut', '2019-11-18 22:06:40', '2002-12-03 03:40:12');
INSERT INTO `media_types` (`id`, `name`, `created_at`, `updated_at`) VALUES ('14', 'optio', '2019-12-10 05:24:09', '2020-11-15 04:24:26');
INSERT INTO `media_types` (`id`, `name`, `created_at`, `updated_at`) VALUES ('15', 'consequatur', '2013-12-06 22:39:45', '1989-02-19 22:36:29');
INSERT INTO `media_types` (`id`, `name`, `created_at`, `updated_at`) VALUES ('16', 'debitis', '2009-12-25 18:07:03', '2021-04-06 20:18:34');
INSERT INTO `media_types` (`id`, `name`, `created_at`, `updated_at`) VALUES ('17', 'modi', '2009-11-16 04:48:26', '1999-09-14 16:21:13');
INSERT INTO `media_types` (`id`, `name`, `created_at`, `updated_at`) VALUES ('18', 'incidunt', '2008-11-26 15:33:38', '1990-03-26 03:01:42');
INSERT INTO `media_types` (`id`, `name`, `created_at`, `updated_at`) VALUES ('19', 'et', '2003-10-26 01:12:08', '2015-04-29 15:47:25');
INSERT INTO `media_types` (`id`, `name`, `created_at`, `updated_at`) VALUES ('20', 'voluptas', '1986-08-24 18:16:06', '1982-09-22 11:22:14');
INSERT INTO `media_types` (`id`, `name`, `created_at`, `updated_at`) VALUES ('21', 'nobis', '2002-11-10 00:56:07', '2014-08-21 16:24:31');
INSERT INTO `media_types` (`id`, `name`, `created_at`, `updated_at`) VALUES ('22', 'sunt', '2002-08-20 08:43:18', '1970-11-26 04:53:00');
INSERT INTO `media_types` (`id`, `name`, `created_at`, `updated_at`) VALUES ('23', 'nemo', '1991-03-25 11:30:03', '1971-10-01 16:23:42');
INSERT INTO `media_types` (`id`, `name`, `created_at`, `updated_at`) VALUES ('24', 'reiciendis', '1996-10-03 20:50:45', '2007-07-07 09:10:02');
INSERT INTO `media_types` (`id`, `name`, `created_at`, `updated_at`) VALUES ('25', 'labore', '1980-12-13 14:28:48', '1983-06-30 13:14:52');
INSERT INTO `media_types` (`id`, `name`, `created_at`, `updated_at`) VALUES ('26', 'culpa', '1972-08-11 20:31:05', '1972-04-04 23:42:00');
INSERT INTO `media_types` (`id`, `name`, `created_at`, `updated_at`) VALUES ('27', 'molestiae', '2013-05-27 07:22:00', '2005-05-30 12:23:14');
INSERT INTO `media_types` (`id`, `name`, `created_at`, `updated_at`) VALUES ('28', 'sit', '2017-09-30 16:45:09', '1971-01-25 22:20:44');
INSERT INTO `media_types` (`id`, `name`, `created_at`, `updated_at`) VALUES ('29', 'commodi', '2019-05-25 21:18:37', '1979-01-24 09:19:52');
INSERT INTO `media_types` (`id`, `name`, `created_at`, `updated_at`) VALUES ('30', 'officiis', '1976-08-17 15:36:09', '1999-04-21 17:18:28');
INSERT INTO `media_types` (`id`, `name`, `created_at`, `updated_at`) VALUES ('31', 'eum', '1975-12-19 08:42:30', '2017-01-09 23:17:10');
INSERT INTO `media_types` (`id`, `name`, `created_at`, `updated_at`) VALUES ('32', 'quaerat', '1991-03-31 22:11:53', '2008-06-11 01:42:00');
INSERT INTO `media_types` (`id`, `name`, `created_at`, `updated_at`) VALUES ('33', 'expedita', '2002-01-09 11:04:15', '1991-01-25 22:00:57');
INSERT INTO `media_types` (`id`, `name`, `created_at`, `updated_at`) VALUES ('34', 'facilis', '2008-07-05 06:38:34', '1981-07-12 10:11:12');
INSERT INTO `media_types` (`id`, `name`, `created_at`, `updated_at`) VALUES ('35', 'optio', '1985-08-17 05:09:05', '1983-08-19 15:30:35');
INSERT INTO `media_types` (`id`, `name`, `created_at`, `updated_at`) VALUES ('36', 'quae', '1993-10-20 06:53:20', '2000-04-25 08:07:45');
INSERT INTO `media_types` (`id`, `name`, `created_at`, `updated_at`) VALUES ('37', 'doloremque', '2009-10-26 16:10:06', '1976-01-03 04:10:39');
INSERT INTO `media_types` (`id`, `name`, `created_at`, `updated_at`) VALUES ('38', 'culpa', '2005-11-17 03:48:44', '2009-07-25 11:10:07');
INSERT INTO `media_types` (`id`, `name`, `created_at`, `updated_at`) VALUES ('39', 'ipsam', '1982-01-04 16:54:06', '2018-08-07 10:27:20');
INSERT INTO `media_types` (`id`, `name`, `created_at`, `updated_at`) VALUES ('40', 'voluptate', '2014-12-16 01:21:45', '1972-11-15 01:20:27');
INSERT INTO `media_types` (`id`, `name`, `created_at`, `updated_at`) VALUES ('41', 'adipisci', '2005-08-04 18:44:03', '1987-07-08 19:41:34');
INSERT INTO `media_types` (`id`, `name`, `created_at`, `updated_at`) VALUES ('42', 'nihil', '2004-09-07 02:08:18', '2011-01-15 23:06:42');
INSERT INTO `media_types` (`id`, `name`, `created_at`, `updated_at`) VALUES ('43', 'velit', '2016-06-24 07:39:14', '2020-04-11 03:04:31');
INSERT INTO `media_types` (`id`, `name`, `created_at`, `updated_at`) VALUES ('44', 'qui', '2009-11-07 14:35:03', '2015-10-06 07:13:58');
INSERT INTO `media_types` (`id`, `name`, `created_at`, `updated_at`) VALUES ('45', 'maxime', '1997-08-12 11:58:46', '1974-07-18 00:49:22');
INSERT INTO `media_types` (`id`, `name`, `created_at`, `updated_at`) VALUES ('46', 'qui', '1983-07-03 16:49:31', '2006-08-15 08:50:49');
INSERT INTO `media_types` (`id`, `name`, `created_at`, `updated_at`) VALUES ('47', 'esse', '1999-03-24 07:13:42', '1997-10-31 23:52:24');
INSERT INTO `media_types` (`id`, `name`, `created_at`, `updated_at`) VALUES ('48', 'porro', '1973-10-31 10:06:35', '2002-02-19 17:48:28');
INSERT INTO `media_types` (`id`, `name`, `created_at`, `updated_at`) VALUES ('49', 'qui', '1980-03-02 05:15:55', '1972-10-24 09:44:47');
INSERT INTO `media_types` (`id`, `name`, `created_at`, `updated_at`) VALUES ('50', 'et', '2006-07-22 02:12:42', '2020-03-18 13:28:18');
INSERT INTO `media_types` (`id`, `name`, `created_at`, `updated_at`) VALUES ('51', 'sed', '2019-02-19 03:12:17', '2014-01-21 16:20:10');
INSERT INTO `media_types` (`id`, `name`, `created_at`, `updated_at`) VALUES ('52', 'eligendi', '1976-02-24 16:48:21', '2011-07-05 17:21:24');
INSERT INTO `media_types` (`id`, `name`, `created_at`, `updated_at`) VALUES ('53', 'esse', '2012-04-06 05:04:26', '1978-10-07 01:08:05');
INSERT INTO `media_types` (`id`, `name`, `created_at`, `updated_at`) VALUES ('54', 'nulla', '1974-08-29 12:37:08', '1994-05-08 02:35:03');
INSERT INTO `media_types` (`id`, `name`, `created_at`, `updated_at`) VALUES ('55', 'repellendus', '1973-02-14 01:23:28', '1971-01-22 16:42:12');
INSERT INTO `media_types` (`id`, `name`, `created_at`, `updated_at`) VALUES ('56', 'quas', '2021-01-01 19:30:59', '2015-03-20 22:44:53');
INSERT INTO `media_types` (`id`, `name`, `created_at`, `updated_at`) VALUES ('57', 'consequuntur', '2016-06-20 16:48:01', '1990-03-21 19:18:09');
INSERT INTO `media_types` (`id`, `name`, `created_at`, `updated_at`) VALUES ('58', 'accusamus', '1990-07-01 05:29:47', '1991-05-01 08:33:53');
INSERT INTO `media_types` (`id`, `name`, `created_at`, `updated_at`) VALUES ('59', 'quaerat', '2009-03-17 22:51:52', '1987-10-05 11:55:39');
INSERT INTO `media_types` (`id`, `name`, `created_at`, `updated_at`) VALUES ('60', 'consectetur', '2014-10-11 15:07:23', '1972-04-02 22:09:21');
INSERT INTO `media_types` (`id`, `name`, `created_at`, `updated_at`) VALUES ('61', 'occaecati', '2013-07-26 00:25:31', '2000-10-06 09:58:24');
INSERT INTO `media_types` (`id`, `name`, `created_at`, `updated_at`) VALUES ('62', 'ad', '1980-12-23 07:51:09', '2003-03-14 18:59:34');
INSERT INTO `media_types` (`id`, `name`, `created_at`, `updated_at`) VALUES ('63', 'et', '1972-08-06 11:19:05', '1983-02-28 06:29:05');
INSERT INTO `media_types` (`id`, `name`, `created_at`, `updated_at`) VALUES ('64', 'quia', '1991-08-07 21:12:09', '2008-10-12 12:46:25');
INSERT INTO `media_types` (`id`, `name`, `created_at`, `updated_at`) VALUES ('65', 'saepe', '1983-12-22 00:10:00', '1986-12-27 09:41:28');
INSERT INTO `media_types` (`id`, `name`, `created_at`, `updated_at`) VALUES ('66', 'veritatis', '2000-09-25 04:43:29', '1971-12-22 16:27:24');
INSERT INTO `media_types` (`id`, `name`, `created_at`, `updated_at`) VALUES ('67', 'iste', '2007-01-08 22:00:03', '1997-08-01 09:38:02');
INSERT INTO `media_types` (`id`, `name`, `created_at`, `updated_at`) VALUES ('68', 'consequatur', '2012-07-10 18:33:05', '1971-07-05 04:58:15');
INSERT INTO `media_types` (`id`, `name`, `created_at`, `updated_at`) VALUES ('69', 'voluptate', '1993-10-16 07:39:33', '1998-11-18 13:10:39');
INSERT INTO `media_types` (`id`, `name`, `created_at`, `updated_at`) VALUES ('70', 'recusandae', '2007-11-19 19:14:34', '1985-03-08 17:38:18');
INSERT INTO `media_types` (`id`, `name`, `created_at`, `updated_at`) VALUES ('71', 'quo', '2014-08-24 09:44:14', '1977-01-09 14:56:22');
INSERT INTO `media_types` (`id`, `name`, `created_at`, `updated_at`) VALUES ('72', 'non', '2010-12-06 23:24:04', '1989-02-22 16:58:09');
INSERT INTO `media_types` (`id`, `name`, `created_at`, `updated_at`) VALUES ('73', 'quam', '1981-08-12 06:32:09', '1993-05-23 16:56:45');
INSERT INTO `media_types` (`id`, `name`, `created_at`, `updated_at`) VALUES ('74', 'et', '2003-03-23 09:56:37', '2005-01-30 15:50:05');
INSERT INTO `media_types` (`id`, `name`, `created_at`, `updated_at`) VALUES ('75', 'sed', '1990-04-28 22:40:25', '1971-05-17 12:58:21');
INSERT INTO `media_types` (`id`, `name`, `created_at`, `updated_at`) VALUES ('76', 'iste', '1988-10-23 14:52:18', '1986-07-14 22:21:23');
INSERT INTO `media_types` (`id`, `name`, `created_at`, `updated_at`) VALUES ('77', 'quia', '1982-09-23 21:50:16', '1979-11-11 17:31:35');
INSERT INTO `media_types` (`id`, `name`, `created_at`, `updated_at`) VALUES ('78', 'necessitatibus', '1989-06-08 23:36:29', '2007-08-24 04:34:26');
INSERT INTO `media_types` (`id`, `name`, `created_at`, `updated_at`) VALUES ('79', 'rerum', '1983-06-06 23:02:49', '1989-01-17 13:21:52');
INSERT INTO `media_types` (`id`, `name`, `created_at`, `updated_at`) VALUES ('80', 'delectus', '1970-01-16 14:20:42', '2007-01-17 13:31:55');
INSERT INTO `media_types` (`id`, `name`, `created_at`, `updated_at`) VALUES ('81', 'totam', '1985-09-24 06:51:48', '2005-06-11 17:49:12');
INSERT INTO `media_types` (`id`, `name`, `created_at`, `updated_at`) VALUES ('82', 'cumque', '2002-12-08 16:16:16', '1975-02-03 14:46:58');
INSERT INTO `media_types` (`id`, `name`, `created_at`, `updated_at`) VALUES ('83', 'repudiandae', '1986-09-17 14:29:51', '2012-04-29 05:20:55');
INSERT INTO `media_types` (`id`, `name`, `created_at`, `updated_at`) VALUES ('84', 'sed', '1986-01-02 11:47:56', '1997-07-29 01:14:06');
INSERT INTO `media_types` (`id`, `name`, `created_at`, `updated_at`) VALUES ('85', 'animi', '1995-01-07 11:55:38', '1988-05-30 04:52:04');
INSERT INTO `media_types` (`id`, `name`, `created_at`, `updated_at`) VALUES ('86', 'sint', '1970-12-08 02:56:03', '1987-06-10 14:04:02');
INSERT INTO `media_types` (`id`, `name`, `created_at`, `updated_at`) VALUES ('87', 'corrupti', '1983-06-24 17:02:10', '2005-05-11 13:33:39');
INSERT INTO `media_types` (`id`, `name`, `created_at`, `updated_at`) VALUES ('88', 'occaecati', '1998-03-17 13:45:05', '2014-05-01 00:36:58');
INSERT INTO `media_types` (`id`, `name`, `created_at`, `updated_at`) VALUES ('89', 'fugiat', '1999-11-27 20:07:43', '1986-08-20 01:48:53');
INSERT INTO `media_types` (`id`, `name`, `created_at`, `updated_at`) VALUES ('90', 'magni', '1985-02-10 06:09:55', '2014-03-09 08:28:25');
INSERT INTO `media_types` (`id`, `name`, `created_at`, `updated_at`) VALUES ('91', 'sit', '2000-07-09 08:03:03', '2017-12-02 12:55:58');
INSERT INTO `media_types` (`id`, `name`, `created_at`, `updated_at`) VALUES ('92', 'ipsa', '1970-07-17 21:45:52', '1982-07-10 19:25:25');
INSERT INTO `media_types` (`id`, `name`, `created_at`, `updated_at`) VALUES ('93', 'et', '1973-07-15 07:08:15', '1998-08-26 16:19:35');
INSERT INTO `media_types` (`id`, `name`, `created_at`, `updated_at`) VALUES ('94', 'porro', '2003-12-25 05:41:50', '2002-07-15 10:17:53');
INSERT INTO `media_types` (`id`, `name`, `created_at`, `updated_at`) VALUES ('95', 'totam', '1995-03-01 17:45:55', '1988-07-31 07:17:38');
INSERT INTO `media_types` (`id`, `name`, `created_at`, `updated_at`) VALUES ('96', 'voluptatem', '1971-04-15 16:22:21', '2020-09-12 06:45:50');
INSERT INTO `media_types` (`id`, `name`, `created_at`, `updated_at`) VALUES ('97', 'commodi', '2007-01-29 17:09:01', '2004-03-15 09:08:57');
INSERT INTO `media_types` (`id`, `name`, `created_at`, `updated_at`) VALUES ('98', 'aut', '1984-12-22 00:42:53', '1974-12-31 02:03:21');
INSERT INTO `media_types` (`id`, `name`, `created_at`, `updated_at`) VALUES ('99', 'dolorem', '1988-08-19 17:22:12', '2008-06-08 06:13:18');
INSERT INTO `media_types` (`id`, `name`, `created_at`, `updated_at`) VALUES ('100', 'autem', '1975-03-30 16:37:52', '1999-05-27 09:27:24');


#
# TABLE STRUCTURE FOR: messages
#

DROP TABLE IF EXISTS `messages`;

CREATE TABLE `messages` (
  `id` bigint(20) unsigned NOT NULL AUTO_INCREMENT,
  `from_user_id` bigint(20) unsigned NOT NULL,
  `to_user_id` bigint(20) unsigned NOT NULL,
  `body` text COLLATE utf8mb4_unicode_ci DEFAULT NULL,
  `created_at` datetime DEFAULT current_timestamp(),
  UNIQUE KEY `id` (`id`),
  KEY `from_user_id` (`from_user_id`),
  KEY `to_user_id` (`to_user_id`),
  CONSTRAINT `messages_ibfk_1` FOREIGN KEY (`from_user_id`) REFERENCES `users` (`id`),
  CONSTRAINT `messages_ibfk_2` FOREIGN KEY (`to_user_id`) REFERENCES `users` (`id`)
) ENGINE=InnoDB AUTO_INCREMENT=101 DEFAULT CHARSET=utf8mb4 COLLATE=utf8mb4_unicode_ci;

INSERT INTO `messages` (`id`, `from_user_id`, `to_user_id`, `body`, `created_at`) VALUES ('1', '101', '101', 'Laborum similique corrupti exercitationem. Ad reprehenderit quisquam qui perspiciatis perspiciatis qui. Ut omnis exercitationem maiores quos.', '1997-10-21 02:09:15');
INSERT INTO `messages` (`id`, `from_user_id`, `to_user_id`, `body`, `created_at`) VALUES ('2', '102', '102', 'Vero hic velit sit. Et et laboriosam amet molestiae ut tempore suscipit omnis.', '1970-03-07 04:28:13');
INSERT INTO `messages` (`id`, `from_user_id`, `to_user_id`, `body`, `created_at`) VALUES ('3', '103', '103', 'Nihil libero enim cumque iure animi molestias sed. Numquam neque laudantium iusto quod. Odit aperiam sit quidem autem assumenda labore laudantium.', '2012-03-18 23:54:47');
INSERT INTO `messages` (`id`, `from_user_id`, `to_user_id`, `body`, `created_at`) VALUES ('4', '106', '106', 'Omnis et nisi non praesentium. Cupiditate voluptatem minima maiores voluptatum doloremque ipsum. Ut earum vero dolores dicta et itaque omnis. Aspernatur assumenda rerum nam sit.', '1978-11-16 00:20:29');
INSERT INTO `messages` (`id`, `from_user_id`, `to_user_id`, `body`, `created_at`) VALUES ('5', '109', '109', 'Tenetur ut odit aut et ipsum. Autem consequuntur sapiente provident rem. Fugiat dolores qui molestias officia quasi libero. Consequuntur eos asperiores hic inventore.', '2020-06-16 21:54:15');
INSERT INTO `messages` (`id`, `from_user_id`, `to_user_id`, `body`, `created_at`) VALUES ('6', '110', '110', 'Consequatur rerum rem in aperiam dolor qui. Consequatur ut quia vel ut ullam ipsam ad. Quia quis voluptate reprehenderit iste dolores quibusdam dignissimos.', '2005-01-09 13:26:59');
INSERT INTO `messages` (`id`, `from_user_id`, `to_user_id`, `body`, `created_at`) VALUES ('7', '111', '111', 'Non quaerat sed iste. Modi numquam rerum inventore explicabo dolorem eum inventore. Sint quo sed explicabo quae. Ea praesentium necessitatibus magni quia assumenda quia.', '1998-12-21 04:36:33');
INSERT INTO `messages` (`id`, `from_user_id`, `to_user_id`, `body`, `created_at`) VALUES ('8', '113', '113', 'Sunt recusandae doloribus aut quisquam provident rerum sit. Dolorem soluta est rem accusamus magnam reprehenderit quia.', '2002-01-10 16:57:36');
INSERT INTO `messages` (`id`, `from_user_id`, `to_user_id`, `body`, `created_at`) VALUES ('9', '115', '115', 'Exercitationem voluptas dolores voluptatem voluptates. Ex ut praesentium et distinctio iusto vero. Doloremque est itaque earum assumenda. Neque et non et hic consectetur et.', '1970-04-29 18:19:15');
INSERT INTO `messages` (`id`, `from_user_id`, `to_user_id`, `body`, `created_at`) VALUES ('10', '116', '116', 'In vel aperiam ut eum repudiandae rerum. Dolor ipsum veniam officia ratione.', '2018-12-21 10:45:51');
INSERT INTO `messages` (`id`, `from_user_id`, `to_user_id`, `body`, `created_at`) VALUES ('11', '117', '117', 'Sequi libero in quam nihil explicabo. Eum dolor nisi eos eum. Tenetur natus sit et.', '2010-09-25 16:25:10');
INSERT INTO `messages` (`id`, `from_user_id`, `to_user_id`, `body`, `created_at`) VALUES ('12', '119', '119', 'Commodi sit pariatur nam qui vero quidem. Similique voluptatem mollitia et earum vero quia. Aut quis distinctio ipsam iure et. Facere corrupti impedit non cum repudiandae.', '2004-07-19 04:52:28');
INSERT INTO `messages` (`id`, `from_user_id`, `to_user_id`, `body`, `created_at`) VALUES ('13', '120', '120', 'Ad ad reprehenderit quo repellendus quis est. Deserunt quis in perspiciatis ea qui aliquid officia. In est laudantium non nihil dolores velit ut. Officia ut consequatur itaque tempora nisi nulla voluptatem.', '2006-07-20 11:46:40');
INSERT INTO `messages` (`id`, `from_user_id`, `to_user_id`, `body`, `created_at`) VALUES ('14', '121', '121', 'Veniam et tenetur dolores deleniti. Qui aut nihil cumque laboriosam sit minus voluptatum. Nam omnis expedita dicta facilis voluptas.', '2018-04-03 00:26:26');
INSERT INTO `messages` (`id`, `from_user_id`, `to_user_id`, `body`, `created_at`) VALUES ('15', '122', '122', 'Corporis aspernatur qui unde nulla nemo. Omnis illo et et accusamus rerum. Hic in veritatis sed iste voluptatibus a. Saepe doloribus sint fuga eveniet quo.', '2002-05-14 23:30:35');
INSERT INTO `messages` (`id`, `from_user_id`, `to_user_id`, `body`, `created_at`) VALUES ('16', '123', '123', 'Doloremque velit ea sunt quae eos animi totam facilis. Sed voluptates consequuntur numquam. Sit ut numquam sint doloribus.', '2014-06-29 06:18:50');
INSERT INTO `messages` (`id`, `from_user_id`, `to_user_id`, `body`, `created_at`) VALUES ('17', '128', '128', 'Rerum architecto nobis in iste. Eligendi ea quam quod reprehenderit pariatur aut sint. Et voluptas sit perferendis.', '2002-04-12 05:36:40');
INSERT INTO `messages` (`id`, `from_user_id`, `to_user_id`, `body`, `created_at`) VALUES ('18', '129', '129', 'Ea cupiditate est dignissimos sunt dolores recusandae aut. Nemo atque et quis ducimus perspiciatis aut sit quis. Hic aut ut perspiciatis dolorem cum esse deleniti. Voluptatem quas aspernatur corporis velit quo laudantium.', '1995-07-01 08:37:22');
INSERT INTO `messages` (`id`, `from_user_id`, `to_user_id`, `body`, `created_at`) VALUES ('19', '130', '130', 'Et qui sint id molestiae dignissimos aut voluptatem. Sequi soluta nostrum numquam sed nostrum. Sunt expedita enim error eos dolores voluptatum eligendi. Impedit dolorem voluptates optio modi cupiditate.', '1988-03-08 09:53:04');
INSERT INTO `messages` (`id`, `from_user_id`, `to_user_id`, `body`, `created_at`) VALUES ('20', '132', '132', 'Fuga quos soluta sed architecto quia et rerum hic. Molestiae doloremque fugit autem ea quidem. Omnis rerum a quae qui.', '2017-04-21 01:24:05');
INSERT INTO `messages` (`id`, `from_user_id`, `to_user_id`, `body`, `created_at`) VALUES ('21', '133', '133', 'Et facilis ipsum aut aut et est. Sunt velit aspernatur repellendus aut ad sunt. Deleniti provident dignissimos aut aut commodi est natus. Sint minima mollitia ex quis excepturi veniam in.', '1973-04-06 11:41:10');
INSERT INTO `messages` (`id`, `from_user_id`, `to_user_id`, `body`, `created_at`) VALUES ('22', '135', '135', 'Cum in rem qui eos. Aut nihil sunt facilis unde. Velit ipsa aperiam consequatur repellendus voluptatibus excepturi et. Sed officiis culpa expedita doloribus.', '1978-10-22 22:41:01');
INSERT INTO `messages` (`id`, `from_user_id`, `to_user_id`, `body`, `created_at`) VALUES ('23', '136', '136', 'Sit voluptas repellendus ea et magnam soluta. Necessitatibus ipsam voluptatem quam praesentium quo dolores deserunt enim. Et veritatis error vel consequatur.', '2014-08-10 13:51:25');
INSERT INTO `messages` (`id`, `from_user_id`, `to_user_id`, `body`, `created_at`) VALUES ('24', '137', '137', 'Iusto rerum voluptas veritatis est ab ea voluptatem. Nisi atque cum nostrum minus est. Dolores in eum voluptatem minima accusantium aliquid. Facilis quis nostrum sed doloribus voluptas velit labore.', '1994-12-24 07:00:27');
INSERT INTO `messages` (`id`, `from_user_id`, `to_user_id`, `body`, `created_at`) VALUES ('25', '139', '139', 'Voluptas maxime delectus eos earum ipsa quod. Laboriosam ratione veniam mollitia expedita. Odio ullam optio eaque sed aperiam.', '1994-03-11 18:26:21');
INSERT INTO `messages` (`id`, `from_user_id`, `to_user_id`, `body`, `created_at`) VALUES ('26', '140', '140', 'Sit error vel et praesentium qui. Sit omnis laborum porro quibusdam et corrupti quisquam. Ipsa deserunt impedit rerum. Velit temporibus quae omnis esse. Aliquam quaerat magnam ut est nihil suscipit modi.', '1977-02-03 21:48:57');
INSERT INTO `messages` (`id`, `from_user_id`, `to_user_id`, `body`, `created_at`) VALUES ('27', '141', '141', 'Qui nesciunt magni provident nobis voluptatibus. Distinctio sequi laboriosam perspiciatis reiciendis numquam doloribus. Ut dolores sit corporis voluptas blanditiis repudiandae.', '1982-03-31 16:40:45');
INSERT INTO `messages` (`id`, `from_user_id`, `to_user_id`, `body`, `created_at`) VALUES ('28', '143', '143', 'Omnis est esse officiis laboriosam sunt id. Delectus est magnam quo animi est nesciunt.', '1990-05-20 08:28:13');
INSERT INTO `messages` (`id`, `from_user_id`, `to_user_id`, `body`, `created_at`) VALUES ('29', '144', '144', 'Cum quibusdam culpa voluptas voluptas repudiandae. Sit ut quia qui omnis optio voluptatem voluptatem. Commodi beatae quaerat pariatur voluptatem sit.', '1982-05-20 17:22:56');
INSERT INTO `messages` (`id`, `from_user_id`, `to_user_id`, `body`, `created_at`) VALUES ('30', '145', '145', 'Vel eius id numquam at sit ut repudiandae. Aut nemo tempora illo aliquid voluptatem.', '1992-11-10 16:41:52');
INSERT INTO `messages` (`id`, `from_user_id`, `to_user_id`, `body`, `created_at`) VALUES ('31', '148', '148', 'Aperiam temporibus repellendus odio illum nihil. Officiis in molestiae impedit sapiente. Nemo quam necessitatibus esse cumque itaque sapiente. Iure aliquam dignissimos aspernatur qui enim facere et.', '1996-06-12 04:10:35');
INSERT INTO `messages` (`id`, `from_user_id`, `to_user_id`, `body`, `created_at`) VALUES ('32', '151', '151', 'Deserunt quaerat repellat similique consectetur recusandae sunt. Esse necessitatibus facere aut rem. Porro amet velit quis assumenda nulla in dolor. Dolores quisquam magnam labore temporibus vel.', '1991-01-06 11:00:35');
INSERT INTO `messages` (`id`, `from_user_id`, `to_user_id`, `body`, `created_at`) VALUES ('33', '153', '153', 'Dolor amet quia at numquam consequatur. Architecto provident cum corporis assumenda. Dignissimos et ratione atque vel.', '1979-06-19 02:40:29');
INSERT INTO `messages` (`id`, `from_user_id`, `to_user_id`, `body`, `created_at`) VALUES ('34', '156', '156', 'Repudiandae vero enim consequatur non sapiente quo voluptatibus. Corrupti quo eius et repellat ullam eligendi. Esse nulla aut rem.', '2000-07-20 11:20:08');
INSERT INTO `messages` (`id`, `from_user_id`, `to_user_id`, `body`, `created_at`) VALUES ('35', '157', '157', 'Est aspernatur et odio. Rerum facilis ipsam officia veritatis assumenda reprehenderit architecto. Omnis fugiat quia libero quibusdam modi magnam.', '1995-09-24 07:45:16');
INSERT INTO `messages` (`id`, `from_user_id`, `to_user_id`, `body`, `created_at`) VALUES ('36', '158', '158', 'Eaque dicta ut quia occaecati tenetur sequi. Expedita earum voluptates eum omnis non quaerat. Maxime odio commodi cum atque cupiditate sit numquam suscipit.', '1999-05-31 08:57:49');
INSERT INTO `messages` (`id`, `from_user_id`, `to_user_id`, `body`, `created_at`) VALUES ('37', '160', '160', 'Molestiae ut quo voluptas quas et omnis in quibusdam. Ut reprehenderit aliquid est a odit qui. Dolores possimus dolor esse a tempore. Et placeat sit mollitia impedit repellat laborum. Tempora nulla reprehenderit sed totam.', '1970-08-06 22:30:24');
INSERT INTO `messages` (`id`, `from_user_id`, `to_user_id`, `body`, `created_at`) VALUES ('38', '161', '161', 'Modi dolorem unde voluptatem vel quo cumque. Aliquid sunt et velit laboriosam. Hic assumenda doloremque ut sit dolore et.', '1986-08-20 23:45:12');
INSERT INTO `messages` (`id`, `from_user_id`, `to_user_id`, `body`, `created_at`) VALUES ('39', '165', '165', 'Ut illum incidunt asperiores expedita deleniti. Aut temporibus enim qui. Voluptatem ea voluptas molestias. Voluptatem quidem maiores quis optio quia.', '1991-01-29 05:07:51');
INSERT INTO `messages` (`id`, `from_user_id`, `to_user_id`, `body`, `created_at`) VALUES ('40', '167', '167', 'Architecto amet aut ut illo voluptate. Fuga vitae vel voluptates cupiditate doloremque voluptas.', '2014-03-07 10:35:13');
INSERT INTO `messages` (`id`, `from_user_id`, `to_user_id`, `body`, `created_at`) VALUES ('41', '168', '168', 'Consequatur et molestiae ut accusantium aliquam. Aut dicta id ad necessitatibus provident nesciunt expedita fuga. Et soluta dolorem aut et.', '2003-11-16 11:33:48');
INSERT INTO `messages` (`id`, `from_user_id`, `to_user_id`, `body`, `created_at`) VALUES ('42', '170', '170', 'Ut esse repudiandae soluta. Itaque sunt id quis iste assumenda animi consectetur. Culpa voluptatibus libero rerum alias itaque. Repudiandae dolor in est velit harum. Consequuntur expedita eius sunt ut.', '2010-04-18 18:00:45');
INSERT INTO `messages` (`id`, `from_user_id`, `to_user_id`, `body`, `created_at`) VALUES ('43', '174', '174', 'Assumenda amet maiores et nihil et. Nostrum sed dolor eum veritatis eius. Provident autem magni est ipsum laboriosam quaerat sint veritatis. Asperiores laboriosam rerum expedita ducimus in eligendi.', '2001-05-24 16:45:34');
INSERT INTO `messages` (`id`, `from_user_id`, `to_user_id`, `body`, `created_at`) VALUES ('44', '175', '175', 'Temporibus aliquid officiis aut et voluptas sint. Voluptatem nulla beatae omnis vitae asperiores occaecati. Omnis nam alias ut sint libero repellendus. Assumenda atque vel sit veniam.', '2005-06-08 09:24:58');
INSERT INTO `messages` (`id`, `from_user_id`, `to_user_id`, `body`, `created_at`) VALUES ('45', '176', '176', 'Magnam occaecati veniam ex fuga cupiditate et aspernatur molestiae. Consequatur quod aperiam non a nihil est. Dolore qui debitis necessitatibus.', '2013-09-25 16:13:17');
INSERT INTO `messages` (`id`, `from_user_id`, `to_user_id`, `body`, `created_at`) VALUES ('46', '177', '177', 'Exercitationem unde dolores labore autem distinctio et quasi. Incidunt aut autem vero qui est. Molestiae veritatis asperiores voluptas autem deserunt non sunt.', '2000-05-16 21:59:13');
INSERT INTO `messages` (`id`, `from_user_id`, `to_user_id`, `body`, `created_at`) VALUES ('47', '179', '179', 'Sunt eius quisquam placeat excepturi suscipit numquam. Consequatur maxime eum velit maxime ducimus aut aliquam. Nemo placeat laboriosam earum at alias. Sequi dolorem nostrum laborum veniam eos sapiente.', '2000-09-07 22:23:08');
INSERT INTO `messages` (`id`, `from_user_id`, `to_user_id`, `body`, `created_at`) VALUES ('48', '180', '180', 'Ipsa dolore ad praesentium eius. Qui aliquam qui vero commodi sed quae occaecati. Dolorum molestiae aut officiis numquam sit ea est ex.', '1971-12-07 00:23:58');
INSERT INTO `messages` (`id`, `from_user_id`, `to_user_id`, `body`, `created_at`) VALUES ('49', '183', '183', 'Provident hic ad similique. Dolor est inventore est.', '1992-02-18 16:30:24');
INSERT INTO `messages` (`id`, `from_user_id`, `to_user_id`, `body`, `created_at`) VALUES ('50', '185', '185', 'Sed nihil aut numquam vel. Dolores repellendus aliquid voluptatem voluptate vel animi dolores. Nam laudantium aperiam dolorum qui dolores ut. Deleniti dolores ullam dignissimos autem.', '1999-08-20 08:44:06');
INSERT INTO `messages` (`id`, `from_user_id`, `to_user_id`, `body`, `created_at`) VALUES ('51', '186', '186', 'Mollitia cum minima commodi odit. Et officia eos magnam facere non nesciunt et. Temporibus magnam exercitationem corrupti et voluptas magni ut. Iure enim eligendi non magnam repellat.', '2006-02-22 12:05:12');
INSERT INTO `messages` (`id`, `from_user_id`, `to_user_id`, `body`, `created_at`) VALUES ('52', '187', '187', 'Et consequatur ducimus ut dolorum. Ut animi ut voluptas alias. Magnam ut quae aut maiores quia quia.', '1996-04-04 05:14:04');
INSERT INTO `messages` (`id`, `from_user_id`, `to_user_id`, `body`, `created_at`) VALUES ('53', '189', '189', 'Quidem corporis ut doloribus nihil. Autem ratione ea rerum omnis architecto veniam in. Hic iure quia repellat cupiditate sunt a fuga.', '1985-11-25 11:37:53');
INSERT INTO `messages` (`id`, `from_user_id`, `to_user_id`, `body`, `created_at`) VALUES ('54', '190', '190', 'Incidunt ipsum nostrum dolores magnam et expedita laudantium non. Repudiandae unde perferendis culpa quidem est. Aut alias ut temporibus qui.', '1993-12-30 00:34:53');
INSERT INTO `messages` (`id`, `from_user_id`, `to_user_id`, `body`, `created_at`) VALUES ('55', '194', '194', 'Quia et ipsa rem eveniet ea. Et iure reprehenderit sequi corporis fuga enim aut. Et dolorem in quibusdam molestias.', '2019-04-21 10:48:07');
INSERT INTO `messages` (`id`, `from_user_id`, `to_user_id`, `body`, `created_at`) VALUES ('56', '197', '197', 'Ut quis reiciendis dolorum quae non ut aut. Reiciendis corporis aut corrupti est sit. Eaque aut aliquid in. Voluptas deserunt mollitia dignissimos asperiores.', '2004-05-07 19:32:16');
INSERT INTO `messages` (`id`, `from_user_id`, `to_user_id`, `body`, `created_at`) VALUES ('57', '199', '199', 'Dolorum nulla voluptatem expedita. Occaecati iste nisi vel accusantium non. Amet consequuntur excepturi quia. Rerum eaque sed deleniti consectetur.', '2005-01-15 05:48:10');
INSERT INTO `messages` (`id`, `from_user_id`, `to_user_id`, `body`, `created_at`) VALUES ('58', '200', '200', 'Minus mollitia fuga qui enim officia tempora commodi aut. Distinctio ut voluptatem ad pariatur. Ut delectus labore natus perspiciatis veniam. Id consequatur ex porro.', '2000-10-12 03:24:52');
INSERT INTO `messages` (`id`, `from_user_id`, `to_user_id`, `body`, `created_at`) VALUES ('59', '101', '101', 'Qui tenetur sit neque. Et atque saepe aut dolorum.', '2006-04-25 07:04:55');
INSERT INTO `messages` (`id`, `from_user_id`, `to_user_id`, `body`, `created_at`) VALUES ('60', '102', '102', 'Ullam quia magnam accusamus voluptatum porro. Rerum vero dolores accusamus accusamus. Aliquam eum optio dolorum qui. Molestiae voluptatem totam magni eum distinctio exercitationem dolor.', '1981-04-12 07:15:46');
INSERT INTO `messages` (`id`, `from_user_id`, `to_user_id`, `body`, `created_at`) VALUES ('61', '103', '103', 'Mollitia excepturi omnis esse excepturi porro. Consectetur sint nemo commodi rerum assumenda molestias similique. Nisi aspernatur eum consectetur a id est ea.', '1989-07-24 05:10:44');
INSERT INTO `messages` (`id`, `from_user_id`, `to_user_id`, `body`, `created_at`) VALUES ('62', '106', '106', 'Sunt et facilis nemo est vel necessitatibus. Aut deleniti molestiae animi quod explicabo ut ad. Atque id optio asperiores.', '2021-01-04 07:37:05');
INSERT INTO `messages` (`id`, `from_user_id`, `to_user_id`, `body`, `created_at`) VALUES ('63', '109', '109', 'Dolor sed aut hic sit. Explicabo voluptas aperiam repudiandae praesentium sint quod sint voluptatem.', '2002-04-27 23:36:27');
INSERT INTO `messages` (`id`, `from_user_id`, `to_user_id`, `body`, `created_at`) VALUES ('64', '110', '110', 'Qui consectetur rerum eius consequatur incidunt. At praesentium nihil modi et illo qui. Numquam quis vel dolor rem. Quod vitae distinctio et veritatis qui quod exercitationem.', '1991-07-13 02:49:25');
INSERT INTO `messages` (`id`, `from_user_id`, `to_user_id`, `body`, `created_at`) VALUES ('65', '111', '111', 'Doloribus nihil distinctio neque voluptate nulla. Omnis harum delectus aperiam omnis. Assumenda omnis sed vel velit odio. Odit consequatur maiores est error ratione.', '2018-09-10 22:35:21');
INSERT INTO `messages` (`id`, `from_user_id`, `to_user_id`, `body`, `created_at`) VALUES ('66', '113', '113', 'Ut voluptas possimus est. Rerum cum perferendis inventore. Omnis aliquid fuga dolores nam qui. Temporibus libero impedit modi sint maxime.', '1978-04-17 05:58:15');
INSERT INTO `messages` (`id`, `from_user_id`, `to_user_id`, `body`, `created_at`) VALUES ('67', '115', '115', 'Aut unde voluptatibus neque iure inventore voluptas eum. Quos dolorem consequatur facilis earum hic possimus. Aut doloribus perferendis rem ipsam tempore mollitia. Molestiae accusantium et suscipit porro temporibus praesentium.', '1985-10-20 18:27:21');
INSERT INTO `messages` (`id`, `from_user_id`, `to_user_id`, `body`, `created_at`) VALUES ('68', '116', '116', 'Autem aut architecto recusandae minima quia in. Magni consectetur hic molestias esse ut. Ut minima et doloribus veritatis. Et sint voluptatum vitae ex.', '2003-06-10 04:39:06');
INSERT INTO `messages` (`id`, `from_user_id`, `to_user_id`, `body`, `created_at`) VALUES ('69', '117', '117', 'Magni ea maiores velit qui similique eveniet. Non optio quod ut quos repellendus.', '1993-09-19 23:06:06');
INSERT INTO `messages` (`id`, `from_user_id`, `to_user_id`, `body`, `created_at`) VALUES ('70', '119', '119', 'Eum doloribus eaque illo illo aut ut. Eaque quisquam omnis nihil quia consequatur ea omnis. Commodi non omnis non nostrum. Quo est velit ipsam incidunt qui maiores quisquam. Ex corporis optio esse quod non laboriosam.', '2009-11-08 04:19:59');
INSERT INTO `messages` (`id`, `from_user_id`, `to_user_id`, `body`, `created_at`) VALUES ('71', '120', '120', 'Alias numquam vel numquam soluta beatae. Et rem enim ea illo qui. Sed qui eveniet maxime quae quis.', '2011-12-14 21:01:41');
INSERT INTO `messages` (`id`, `from_user_id`, `to_user_id`, `body`, `created_at`) VALUES ('72', '121', '121', 'Quis et ipsum consequatur error. Quam fugit officia natus nihil. Beatae consequatur dicta tenetur esse fugit odit sit. Et ut consequuntur quod nostrum aut.', '2011-12-13 23:55:46');
INSERT INTO `messages` (`id`, `from_user_id`, `to_user_id`, `body`, `created_at`) VALUES ('73', '122', '122', 'Ea dolores ut modi fuga ipsa quibusdam deserunt quisquam. Sunt id et et vel earum. Saepe maiores architecto ipsum fugiat qui numquam consequatur.', '1974-02-09 13:02:22');
INSERT INTO `messages` (`id`, `from_user_id`, `to_user_id`, `body`, `created_at`) VALUES ('74', '123', '123', 'Odit quo consequatur eligendi quibusdam reprehenderit facere nobis. Voluptatem ea iusto et. Ut optio et ullam. Consectetur voluptatem laudantium asperiores quam.', '2011-02-28 16:53:39');
INSERT INTO `messages` (`id`, `from_user_id`, `to_user_id`, `body`, `created_at`) VALUES ('75', '128', '128', 'Quae quisquam laboriosam ex quasi esse. Vero magnam saepe et quidem assumenda. Molestias ratione optio est aut quibusdam id consequatur. Et impedit non nostrum rerum eos magnam.', '1999-10-08 09:39:23');
INSERT INTO `messages` (`id`, `from_user_id`, `to_user_id`, `body`, `created_at`) VALUES ('76', '129', '129', 'Accusamus dolorum iure exercitationem ad eos. Quas possimus velit maxime est libero sint.', '2004-02-06 05:12:24');
INSERT INTO `messages` (`id`, `from_user_id`, `to_user_id`, `body`, `created_at`) VALUES ('77', '130', '130', 'Amet aliquam necessitatibus quam quis molestias. Eligendi sint et repellat sit est ex autem.', '2009-06-27 10:11:11');
INSERT INTO `messages` (`id`, `from_user_id`, `to_user_id`, `body`, `created_at`) VALUES ('78', '132', '132', 'Laboriosam accusantium natus ut nobis alias quaerat doloribus. Perspiciatis ad repellat excepturi fuga mollitia. Et sunt est eos laudantium eos ratione accusantium.', '1977-11-29 00:19:20');
INSERT INTO `messages` (`id`, `from_user_id`, `to_user_id`, `body`, `created_at`) VALUES ('79', '133', '133', 'Autem architecto pariatur repudiandae eligendi provident temporibus. Cum autem rerum nemo. Dignissimos repellendus animi autem libero quaerat.', '2002-06-02 09:28:31');
INSERT INTO `messages` (`id`, `from_user_id`, `to_user_id`, `body`, `created_at`) VALUES ('80', '135', '135', 'Et vitae aperiam autem ea quia ab corporis. Minima blanditiis iste ad adipisci expedita non maiores. Molestiae omnis laudantium impedit iste. Ipsam harum architecto dolore incidunt in qui.', '2020-03-27 17:12:18');
INSERT INTO `messages` (`id`, `from_user_id`, `to_user_id`, `body`, `created_at`) VALUES ('81', '136', '136', 'Rerum praesentium officia ullam dolores doloribus dolorum officiis. Quaerat nemo repellat animi modi beatae fugit porro non. Laborum repellendus laudantium vitae illo doloremque tempore et. Laborum nisi iusto iure delectus. Earum est consectetur voluptas enim quisquam incidunt.', '1997-06-06 17:58:17');
INSERT INTO `messages` (`id`, `from_user_id`, `to_user_id`, `body`, `created_at`) VALUES ('82', '137', '137', 'Placeat omnis ex suscipit velit. Asperiores est ipsa hic blanditiis dolorem. Itaque perferendis quam eligendi doloribus. Consequatur animi qui enim.', '1975-05-27 11:42:19');
INSERT INTO `messages` (`id`, `from_user_id`, `to_user_id`, `body`, `created_at`) VALUES ('83', '139', '139', 'Aut quia dignissimos laudantium provident non. Cum sint quia totam doloremque. Aut et earum nulla saepe.', '1995-10-13 08:05:29');
INSERT INTO `messages` (`id`, `from_user_id`, `to_user_id`, `body`, `created_at`) VALUES ('84', '140', '140', 'Enim sed praesentium et ad est accusantium est maiores. Provident molestiae ut quas non. Omnis fugiat aut harum modi dolor earum.', '2011-11-11 22:48:51');
INSERT INTO `messages` (`id`, `from_user_id`, `to_user_id`, `body`, `created_at`) VALUES ('85', '141', '141', 'Illo et ipsa at et ipsam ipsum. Temporibus in in totam sit. Aut quis quia quia dicta ea. Quasi laborum sit itaque et.', '1999-08-27 05:14:58');
INSERT INTO `messages` (`id`, `from_user_id`, `to_user_id`, `body`, `created_at`) VALUES ('86', '143', '143', 'Quibusdam alias ut sapiente laboriosam architecto optio voluptatem dolores. In harum facere beatae iure dicta. Nihil sint maxime et eum occaecati magnam. Quidem et voluptas magni enim sint.', '2013-08-26 14:03:31');
INSERT INTO `messages` (`id`, `from_user_id`, `to_user_id`, `body`, `created_at`) VALUES ('87', '144', '144', 'Voluptatum corporis tenetur impedit voluptatem minus. Perspiciatis ipsa optio deserunt et ipsam tempora. Similique facilis et consequatur. Laudantium non ipsam et expedita sit in.', '1973-06-23 02:05:03');
INSERT INTO `messages` (`id`, `from_user_id`, `to_user_id`, `body`, `created_at`) VALUES ('88', '145', '145', 'Unde omnis omnis nemo aspernatur velit. Ut ea maiores sed qui maxime possimus et. Voluptatem earum doloremque ut ea aut. A blanditiis temporibus ea necessitatibus minima sint.', '2014-03-27 04:27:03');
INSERT INTO `messages` (`id`, `from_user_id`, `to_user_id`, `body`, `created_at`) VALUES ('89', '148', '148', 'In nobis amet unde consequuntur et quidem eos. Ut ducimus illum assumenda autem. Eos vero quos ex deleniti. Impedit et sed minus consequatur et.', '1997-12-11 07:43:12');
INSERT INTO `messages` (`id`, `from_user_id`, `to_user_id`, `body`, `created_at`) VALUES ('90', '151', '151', 'Iure quia voluptatum cupiditate doloremque impedit alias ipsa similique. Id quidem officiis impedit corporis et repudiandae qui. Et veritatis similique ut occaecati. Nemo minima maxime totam consequuntur. Consequatur facilis sed dolor qui.', '2008-07-06 22:29:18');
INSERT INTO `messages` (`id`, `from_user_id`, `to_user_id`, `body`, `created_at`) VALUES ('91', '153', '153', 'Dolorem iste hic consequatur similique et. Non qui et voluptatem adipisci blanditiis quas voluptatem. Neque possimus doloremque est quis sit soluta pariatur.', '2011-11-22 09:16:51');
INSERT INTO `messages` (`id`, `from_user_id`, `to_user_id`, `body`, `created_at`) VALUES ('92', '156', '156', 'Eveniet quia rem et sit corporis et temporibus minima. Sequi recusandae consequatur aspernatur suscipit soluta aut mollitia ut. Et sed dolor soluta assumenda perferendis magni et. Dolore doloremque culpa quae nostrum.', '1986-03-26 10:42:09');
INSERT INTO `messages` (`id`, `from_user_id`, `to_user_id`, `body`, `created_at`) VALUES ('93', '157', '157', 'Architecto eaque quo recusandae voluptatum natus. Voluptatem dolor nihil omnis enim. Placeat beatae distinctio dignissimos officiis.', '1985-05-12 18:52:29');
INSERT INTO `messages` (`id`, `from_user_id`, `to_user_id`, `body`, `created_at`) VALUES ('94', '158', '158', 'In minima magni eius aspernatur minus atque eos. Voluptatibus consectetur est placeat et excepturi. Voluptatem perspiciatis animi velit reiciendis ut. Quasi minima est animi natus ut rerum voluptatum.', '1986-06-07 23:49:43');
INSERT INTO `messages` (`id`, `from_user_id`, `to_user_id`, `body`, `created_at`) VALUES ('95', '160', '160', 'Esse et deleniti voluptatem repellendus. Magni reprehenderit molestiae iste sequi voluptate odio quidem. Nulla cum atque omnis et rerum perspiciatis.', '2012-09-27 02:21:16');
INSERT INTO `messages` (`id`, `from_user_id`, `to_user_id`, `body`, `created_at`) VALUES ('96', '161', '161', 'Quia quis voluptatum velit est. Est et et sed fuga sunt laborum accusantium. Natus velit non quis repudiandae ea nisi autem.', '1974-05-25 22:29:04');
INSERT INTO `messages` (`id`, `from_user_id`, `to_user_id`, `body`, `created_at`) VALUES ('97', '165', '165', 'Doloribus quam voluptatem sunt possimus nihil. Similique ullam ea autem voluptate. Vel nihil vitae quae nihil cum et sunt.', '1997-03-13 05:48:51');
INSERT INTO `messages` (`id`, `from_user_id`, `to_user_id`, `body`, `created_at`) VALUES ('98', '167', '167', 'Rerum et sequi adipisci excepturi et voluptas. Consequatur non quam expedita est quis. Est maxime non quaerat omnis nam aut. Aut amet dolorem quidem deleniti eos quam sint quis.', '1987-12-12 03:50:40');
INSERT INTO `messages` (`id`, `from_user_id`, `to_user_id`, `body`, `created_at`) VALUES ('99', '168', '168', 'Distinctio vitae animi eveniet officiis et. Ut ducimus facilis vel. Nisi exercitationem enim aut aut dolorem. Iure cum sit est aspernatur commodi. Velit vel numquam debitis quo provident consequatur facilis.', '2016-10-11 04:12:35');
INSERT INTO `messages` (`id`, `from_user_id`, `to_user_id`, `body`, `created_at`) VALUES ('100', '170', '170', 'Ab qui earum ab mollitia sit vitae porro aut. Perspiciatis quaerat esse consequatur laboriosam adipisci temporibus. Hic sunt aspernatur molestiae autem odit nostrum iusto. Molestias dignissimos odio ex voluptatibus.', '1983-03-11 18:23:02');


#
# TABLE STRUCTURE FOR: photo_albums
#

DROP TABLE IF EXISTS `photo_albums`;

CREATE TABLE `photo_albums` (
  `id` bigint(20) unsigned NOT NULL AUTO_INCREMENT,
  `name` varchar(255) COLLATE utf8mb4_unicode_ci DEFAULT NULL,
  `user_id` bigint(20) unsigned DEFAULT NULL,
  PRIMARY KEY (`id`),
  UNIQUE KEY `id` (`id`),
  KEY `user_id` (`user_id`),
  CONSTRAINT `photo_albums_ibfk_1` FOREIGN KEY (`user_id`) REFERENCES `users` (`id`)
) ENGINE=InnoDB AUTO_INCREMENT=101 DEFAULT CHARSET=utf8mb4 COLLATE=utf8mb4_unicode_ci;

INSERT INTO `photo_albums` (`id`, `name`, `user_id`) VALUES ('1', 'ullam', '101');
INSERT INTO `photo_albums` (`id`, `name`, `user_id`) VALUES ('2', 'corporis', '102');
INSERT INTO `photo_albums` (`id`, `name`, `user_id`) VALUES ('3', 'atque', '103');
INSERT INTO `photo_albums` (`id`, `name`, `user_id`) VALUES ('4', 'enim', '106');
INSERT INTO `photo_albums` (`id`, `name`, `user_id`) VALUES ('5', 'harum', '109');
INSERT INTO `photo_albums` (`id`, `name`, `user_id`) VALUES ('6', 'quas', '110');
INSERT INTO `photo_albums` (`id`, `name`, `user_id`) VALUES ('7', 'mollitia', '111');
INSERT INTO `photo_albums` (`id`, `name`, `user_id`) VALUES ('8', 'necessitatibus', '113');
INSERT INTO `photo_albums` (`id`, `name`, `user_id`) VALUES ('9', 'et', '115');
INSERT INTO `photo_albums` (`id`, `name`, `user_id`) VALUES ('10', 'quibusdam', '116');
INSERT INTO `photo_albums` (`id`, `name`, `user_id`) VALUES ('11', 'adipisci', '117');
INSERT INTO `photo_albums` (`id`, `name`, `user_id`) VALUES ('12', 'voluptate', '119');
INSERT INTO `photo_albums` (`id`, `name`, `user_id`) VALUES ('13', 'accusantium', '120');
INSERT INTO `photo_albums` (`id`, `name`, `user_id`) VALUES ('14', 'esse', '121');
INSERT INTO `photo_albums` (`id`, `name`, `user_id`) VALUES ('15', 'animi', '122');
INSERT INTO `photo_albums` (`id`, `name`, `user_id`) VALUES ('16', 'nemo', '123');
INSERT INTO `photo_albums` (`id`, `name`, `user_id`) VALUES ('17', 'reprehenderit', '128');
INSERT INTO `photo_albums` (`id`, `name`, `user_id`) VALUES ('18', 'voluptate', '129');
INSERT INTO `photo_albums` (`id`, `name`, `user_id`) VALUES ('19', 'recusandae', '130');
INSERT INTO `photo_albums` (`id`, `name`, `user_id`) VALUES ('20', 'accusantium', '132');
INSERT INTO `photo_albums` (`id`, `name`, `user_id`) VALUES ('21', 'quasi', '133');
INSERT INTO `photo_albums` (`id`, `name`, `user_id`) VALUES ('22', 'aliquid', '135');
INSERT INTO `photo_albums` (`id`, `name`, `user_id`) VALUES ('23', 'voluptas', '136');
INSERT INTO `photo_albums` (`id`, `name`, `user_id`) VALUES ('24', 'dolorum', '137');
INSERT INTO `photo_albums` (`id`, `name`, `user_id`) VALUES ('25', 'adipisci', '139');
INSERT INTO `photo_albums` (`id`, `name`, `user_id`) VALUES ('26', 'eum', '140');
INSERT INTO `photo_albums` (`id`, `name`, `user_id`) VALUES ('27', 'quasi', '141');
INSERT INTO `photo_albums` (`id`, `name`, `user_id`) VALUES ('28', 'voluptas', '143');
INSERT INTO `photo_albums` (`id`, `name`, `user_id`) VALUES ('29', 'eum', '144');
INSERT INTO `photo_albums` (`id`, `name`, `user_id`) VALUES ('30', 'dolorum', '145');
INSERT INTO `photo_albums` (`id`, `name`, `user_id`) VALUES ('31', 'quas', '148');
INSERT INTO `photo_albums` (`id`, `name`, `user_id`) VALUES ('32', 'eum', '151');
INSERT INTO `photo_albums` (`id`, `name`, `user_id`) VALUES ('33', 'reprehenderit', '153');
INSERT INTO `photo_albums` (`id`, `name`, `user_id`) VALUES ('34', 'cupiditate', '156');
INSERT INTO `photo_albums` (`id`, `name`, `user_id`) VALUES ('35', 'voluptas', '157');
INSERT INTO `photo_albums` (`id`, `name`, `user_id`) VALUES ('36', 'dicta', '158');
INSERT INTO `photo_albums` (`id`, `name`, `user_id`) VALUES ('37', 'sequi', '160');
INSERT INTO `photo_albums` (`id`, `name`, `user_id`) VALUES ('38', 'soluta', '161');
INSERT INTO `photo_albums` (`id`, `name`, `user_id`) VALUES ('39', 'enim', '165');
INSERT INTO `photo_albums` (`id`, `name`, `user_id`) VALUES ('40', 'excepturi', '167');
INSERT INTO `photo_albums` (`id`, `name`, `user_id`) VALUES ('41', 'harum', '168');
INSERT INTO `photo_albums` (`id`, `name`, `user_id`) VALUES ('42', 'et', '170');
INSERT INTO `photo_albums` (`id`, `name`, `user_id`) VALUES ('43', 'expedita', '174');
INSERT INTO `photo_albums` (`id`, `name`, `user_id`) VALUES ('44', 'quasi', '175');
INSERT INTO `photo_albums` (`id`, `name`, `user_id`) VALUES ('45', 'ea', '176');
INSERT INTO `photo_albums` (`id`, `name`, `user_id`) VALUES ('46', 'rem', '177');
INSERT INTO `photo_albums` (`id`, `name`, `user_id`) VALUES ('47', 'aliquid', '179');
INSERT INTO `photo_albums` (`id`, `name`, `user_id`) VALUES ('48', 'porro', '180');
INSERT INTO `photo_albums` (`id`, `name`, `user_id`) VALUES ('49', 'accusantium', '183');
INSERT INTO `photo_albums` (`id`, `name`, `user_id`) VALUES ('50', 'odio', '185');
INSERT INTO `photo_albums` (`id`, `name`, `user_id`) VALUES ('51', 'architecto', '186');
INSERT INTO `photo_albums` (`id`, `name`, `user_id`) VALUES ('52', 'aut', '187');
INSERT INTO `photo_albums` (`id`, `name`, `user_id`) VALUES ('53', 'necessitatibus', '189');
INSERT INTO `photo_albums` (`id`, `name`, `user_id`) VALUES ('54', 'in', '190');
INSERT INTO `photo_albums` (`id`, `name`, `user_id`) VALUES ('55', 'adipisci', '194');
INSERT INTO `photo_albums` (`id`, `name`, `user_id`) VALUES ('56', 'porro', '197');
INSERT INTO `photo_albums` (`id`, `name`, `user_id`) VALUES ('57', 'quo', '199');
INSERT INTO `photo_albums` (`id`, `name`, `user_id`) VALUES ('58', 'aliquid', '200');
INSERT INTO `photo_albums` (`id`, `name`, `user_id`) VALUES ('59', 'libero', '101');
INSERT INTO `photo_albums` (`id`, `name`, `user_id`) VALUES ('60', 'dicta', '102');
INSERT INTO `photo_albums` (`id`, `name`, `user_id`) VALUES ('61', 'distinctio', '103');
INSERT INTO `photo_albums` (`id`, `name`, `user_id`) VALUES ('62', 'dignissimos', '106');
INSERT INTO `photo_albums` (`id`, `name`, `user_id`) VALUES ('63', 'voluptate', '109');
INSERT INTO `photo_albums` (`id`, `name`, `user_id`) VALUES ('64', 'labore', '110');
INSERT INTO `photo_albums` (`id`, `name`, `user_id`) VALUES ('65', 'aliquid', '111');
INSERT INTO `photo_albums` (`id`, `name`, `user_id`) VALUES ('66', 'quasi', '113');
INSERT INTO `photo_albums` (`id`, `name`, `user_id`) VALUES ('67', 'voluptatem', '115');
INSERT INTO `photo_albums` (`id`, `name`, `user_id`) VALUES ('68', 'ea', '116');
INSERT INTO `photo_albums` (`id`, `name`, `user_id`) VALUES ('69', 'totam', '117');
INSERT INTO `photo_albums` (`id`, `name`, `user_id`) VALUES ('70', 'delectus', '119');
INSERT INTO `photo_albums` (`id`, `name`, `user_id`) VALUES ('71', 'debitis', '120');
INSERT INTO `photo_albums` (`id`, `name`, `user_id`) VALUES ('72', 'repudiandae', '121');
INSERT INTO `photo_albums` (`id`, `name`, `user_id`) VALUES ('73', 'vel', '122');
INSERT INTO `photo_albums` (`id`, `name`, `user_id`) VALUES ('74', 'sit', '123');
INSERT INTO `photo_albums` (`id`, `name`, `user_id`) VALUES ('75', 'dolorem', '128');
INSERT INTO `photo_albums` (`id`, `name`, `user_id`) VALUES ('76', 'labore', '129');
INSERT INTO `photo_albums` (`id`, `name`, `user_id`) VALUES ('77', 'qui', '130');
INSERT INTO `photo_albums` (`id`, `name`, `user_id`) VALUES ('78', 'beatae', '132');
INSERT INTO `photo_albums` (`id`, `name`, `user_id`) VALUES ('79', 'vero', '133');
INSERT INTO `photo_albums` (`id`, `name`, `user_id`) VALUES ('80', 'sed', '135');
INSERT INTO `photo_albums` (`id`, `name`, `user_id`) VALUES ('81', 'architecto', '136');
INSERT INTO `photo_albums` (`id`, `name`, `user_id`) VALUES ('82', 'sequi', '137');
INSERT INTO `photo_albums` (`id`, `name`, `user_id`) VALUES ('83', 'quia', '139');
INSERT INTO `photo_albums` (`id`, `name`, `user_id`) VALUES ('84', 'incidunt', '140');
INSERT INTO `photo_albums` (`id`, `name`, `user_id`) VALUES ('85', 'exercitationem', '141');
INSERT INTO `photo_albums` (`id`, `name`, `user_id`) VALUES ('86', 'consectetur', '143');
INSERT INTO `photo_albums` (`id`, `name`, `user_id`) VALUES ('87', 'qui', '144');
INSERT INTO `photo_albums` (`id`, `name`, `user_id`) VALUES ('88', 'dolor', '145');
INSERT INTO `photo_albums` (`id`, `name`, `user_id`) VALUES ('89', 'quis', '148');
INSERT INTO `photo_albums` (`id`, `name`, `user_id`) VALUES ('90', 'exercitationem', '151');
INSERT INTO `photo_albums` (`id`, `name`, `user_id`) VALUES ('91', 'repellat', '153');
INSERT INTO `photo_albums` (`id`, `name`, `user_id`) VALUES ('92', 'iure', '156');
INSERT INTO `photo_albums` (`id`, `name`, `user_id`) VALUES ('93', 'amet', '157');
INSERT INTO `photo_albums` (`id`, `name`, `user_id`) VALUES ('94', 'a', '158');
INSERT INTO `photo_albums` (`id`, `name`, `user_id`) VALUES ('95', 'sed', '160');
INSERT INTO `photo_albums` (`id`, `name`, `user_id`) VALUES ('96', 'fuga', '161');
INSERT INTO `photo_albums` (`id`, `name`, `user_id`) VALUES ('97', 'ut', '165');
INSERT INTO `photo_albums` (`id`, `name`, `user_id`) VALUES ('98', 'vel', '167');
INSERT INTO `photo_albums` (`id`, `name`, `user_id`) VALUES ('99', 'dolores', '168');
INSERT INTO `photo_albums` (`id`, `name`, `user_id`) VALUES ('100', 'accusantium', '170');


#
# TABLE STRUCTURE FOR: photos
#

DROP TABLE IF EXISTS `photos`;

CREATE TABLE `photos` (
  `id` bigint(20) unsigned NOT NULL AUTO_INCREMENT,
  `album_id` bigint(20) unsigned DEFAULT NULL,
  `media_id` bigint(20) unsigned NOT NULL,
  UNIQUE KEY `id` (`id`),
  KEY `album_id` (`album_id`),
  KEY `media_id` (`media_id`),
  CONSTRAINT `photos_ibfk_1` FOREIGN KEY (`album_id`) REFERENCES `photo_albums` (`id`),
  CONSTRAINT `photos_ibfk_2` FOREIGN KEY (`media_id`) REFERENCES `media` (`id`)
) ENGINE=InnoDB AUTO_INCREMENT=101 DEFAULT CHARSET=utf8mb4 COLLATE=utf8mb4_unicode_ci;

INSERT INTO `photos` (`id`, `album_id`, `media_id`) VALUES ('1', '1', '1');
INSERT INTO `photos` (`id`, `album_id`, `media_id`) VALUES ('2', '2', '2');
INSERT INTO `photos` (`id`, `album_id`, `media_id`) VALUES ('3', '3', '3');
INSERT INTO `photos` (`id`, `album_id`, `media_id`) VALUES ('4', '4', '4');
INSERT INTO `photos` (`id`, `album_id`, `media_id`) VALUES ('5', '5', '5');
INSERT INTO `photos` (`id`, `album_id`, `media_id`) VALUES ('6', '6', '6');
INSERT INTO `photos` (`id`, `album_id`, `media_id`) VALUES ('7', '7', '7');
INSERT INTO `photos` (`id`, `album_id`, `media_id`) VALUES ('8', '8', '8');
INSERT INTO `photos` (`id`, `album_id`, `media_id`) VALUES ('9', '9', '9');
INSERT INTO `photos` (`id`, `album_id`, `media_id`) VALUES ('10', '10', '10');
INSERT INTO `photos` (`id`, `album_id`, `media_id`) VALUES ('11', '11', '11');
INSERT INTO `photos` (`id`, `album_id`, `media_id`) VALUES ('12', '12', '12');
INSERT INTO `photos` (`id`, `album_id`, `media_id`) VALUES ('13', '13', '13');
INSERT INTO `photos` (`id`, `album_id`, `media_id`) VALUES ('14', '14', '14');
INSERT INTO `photos` (`id`, `album_id`, `media_id`) VALUES ('15', '15', '15');
INSERT INTO `photos` (`id`, `album_id`, `media_id`) VALUES ('16', '16', '16');
INSERT INTO `photos` (`id`, `album_id`, `media_id`) VALUES ('17', '17', '17');
INSERT INTO `photos` (`id`, `album_id`, `media_id`) VALUES ('18', '18', '18');
INSERT INTO `photos` (`id`, `album_id`, `media_id`) VALUES ('19', '19', '19');
INSERT INTO `photos` (`id`, `album_id`, `media_id`) VALUES ('20', '20', '20');
INSERT INTO `photos` (`id`, `album_id`, `media_id`) VALUES ('21', '21', '21');
INSERT INTO `photos` (`id`, `album_id`, `media_id`) VALUES ('22', '22', '22');
INSERT INTO `photos` (`id`, `album_id`, `media_id`) VALUES ('23', '23', '23');
INSERT INTO `photos` (`id`, `album_id`, `media_id`) VALUES ('24', '24', '24');
INSERT INTO `photos` (`id`, `album_id`, `media_id`) VALUES ('25', '25', '25');
INSERT INTO `photos` (`id`, `album_id`, `media_id`) VALUES ('26', '26', '26');
INSERT INTO `photos` (`id`, `album_id`, `media_id`) VALUES ('27', '27', '27');
INSERT INTO `photos` (`id`, `album_id`, `media_id`) VALUES ('28', '28', '28');
INSERT INTO `photos` (`id`, `album_id`, `media_id`) VALUES ('29', '29', '29');
INSERT INTO `photos` (`id`, `album_id`, `media_id`) VALUES ('30', '30', '30');
INSERT INTO `photos` (`id`, `album_id`, `media_id`) VALUES ('31', '31', '31');
INSERT INTO `photos` (`id`, `album_id`, `media_id`) VALUES ('32', '32', '32');
INSERT INTO `photos` (`id`, `album_id`, `media_id`) VALUES ('33', '33', '33');
INSERT INTO `photos` (`id`, `album_id`, `media_id`) VALUES ('34', '34', '34');
INSERT INTO `photos` (`id`, `album_id`, `media_id`) VALUES ('35', '35', '35');
INSERT INTO `photos` (`id`, `album_id`, `media_id`) VALUES ('36', '36', '36');
INSERT INTO `photos` (`id`, `album_id`, `media_id`) VALUES ('37', '37', '37');
INSERT INTO `photos` (`id`, `album_id`, `media_id`) VALUES ('38', '38', '38');
INSERT INTO `photos` (`id`, `album_id`, `media_id`) VALUES ('39', '39', '39');
INSERT INTO `photos` (`id`, `album_id`, `media_id`) VALUES ('40', '40', '40');
INSERT INTO `photos` (`id`, `album_id`, `media_id`) VALUES ('41', '41', '41');
INSERT INTO `photos` (`id`, `album_id`, `media_id`) VALUES ('42', '42', '42');
INSERT INTO `photos` (`id`, `album_id`, `media_id`) VALUES ('43', '43', '43');
INSERT INTO `photos` (`id`, `album_id`, `media_id`) VALUES ('44', '44', '44');
INSERT INTO `photos` (`id`, `album_id`, `media_id`) VALUES ('45', '45', '45');
INSERT INTO `photos` (`id`, `album_id`, `media_id`) VALUES ('46', '46', '46');
INSERT INTO `photos` (`id`, `album_id`, `media_id`) VALUES ('47', '47', '47');
INSERT INTO `photos` (`id`, `album_id`, `media_id`) VALUES ('48', '48', '48');
INSERT INTO `photos` (`id`, `album_id`, `media_id`) VALUES ('49', '49', '49');
INSERT INTO `photos` (`id`, `album_id`, `media_id`) VALUES ('50', '50', '50');
INSERT INTO `photos` (`id`, `album_id`, `media_id`) VALUES ('51', '51', '51');
INSERT INTO `photos` (`id`, `album_id`, `media_id`) VALUES ('52', '52', '52');
INSERT INTO `photos` (`id`, `album_id`, `media_id`) VALUES ('53', '53', '53');
INSERT INTO `photos` (`id`, `album_id`, `media_id`) VALUES ('54', '54', '54');
INSERT INTO `photos` (`id`, `album_id`, `media_id`) VALUES ('55', '55', '55');
INSERT INTO `photos` (`id`, `album_id`, `media_id`) VALUES ('56', '56', '56');
INSERT INTO `photos` (`id`, `album_id`, `media_id`) VALUES ('57', '57', '57');
INSERT INTO `photos` (`id`, `album_id`, `media_id`) VALUES ('58', '58', '58');
INSERT INTO `photos` (`id`, `album_id`, `media_id`) VALUES ('59', '59', '59');
INSERT INTO `photos` (`id`, `album_id`, `media_id`) VALUES ('60', '60', '60');
INSERT INTO `photos` (`id`, `album_id`, `media_id`) VALUES ('61', '61', '61');
INSERT INTO `photos` (`id`, `album_id`, `media_id`) VALUES ('62', '62', '62');
INSERT INTO `photos` (`id`, `album_id`, `media_id`) VALUES ('63', '63', '63');
INSERT INTO `photos` (`id`, `album_id`, `media_id`) VALUES ('64', '64', '64');
INSERT INTO `photos` (`id`, `album_id`, `media_id`) VALUES ('65', '65', '65');
INSERT INTO `photos` (`id`, `album_id`, `media_id`) VALUES ('66', '66', '66');
INSERT INTO `photos` (`id`, `album_id`, `media_id`) VALUES ('67', '67', '67');
INSERT INTO `photos` (`id`, `album_id`, `media_id`) VALUES ('68', '68', '68');
INSERT INTO `photos` (`id`, `album_id`, `media_id`) VALUES ('69', '69', '69');
INSERT INTO `photos` (`id`, `album_id`, `media_id`) VALUES ('70', '70', '70');
INSERT INTO `photos` (`id`, `album_id`, `media_id`) VALUES ('71', '71', '71');
INSERT INTO `photos` (`id`, `album_id`, `media_id`) VALUES ('72', '72', '72');
INSERT INTO `photos` (`id`, `album_id`, `media_id`) VALUES ('73', '73', '73');
INSERT INTO `photos` (`id`, `album_id`, `media_id`) VALUES ('74', '74', '74');
INSERT INTO `photos` (`id`, `album_id`, `media_id`) VALUES ('75', '75', '75');
INSERT INTO `photos` (`id`, `album_id`, `media_id`) VALUES ('76', '76', '76');
INSERT INTO `photos` (`id`, `album_id`, `media_id`) VALUES ('77', '77', '77');
INSERT INTO `photos` (`id`, `album_id`, `media_id`) VALUES ('78', '78', '78');
INSERT INTO `photos` (`id`, `album_id`, `media_id`) VALUES ('79', '79', '79');
INSERT INTO `photos` (`id`, `album_id`, `media_id`) VALUES ('80', '80', '80');
INSERT INTO `photos` (`id`, `album_id`, `media_id`) VALUES ('81', '81', '81');
INSERT INTO `photos` (`id`, `album_id`, `media_id`) VALUES ('82', '82', '82');
INSERT INTO `photos` (`id`, `album_id`, `media_id`) VALUES ('83', '83', '83');
INSERT INTO `photos` (`id`, `album_id`, `media_id`) VALUES ('84', '84', '84');
INSERT INTO `photos` (`id`, `album_id`, `media_id`) VALUES ('85', '85', '85');
INSERT INTO `photos` (`id`, `album_id`, `media_id`) VALUES ('86', '86', '86');
INSERT INTO `photos` (`id`, `album_id`, `media_id`) VALUES ('87', '87', '87');
INSERT INTO `photos` (`id`, `album_id`, `media_id`) VALUES ('88', '88', '88');
INSERT INTO `photos` (`id`, `album_id`, `media_id`) VALUES ('89', '89', '89');
INSERT INTO `photos` (`id`, `album_id`, `media_id`) VALUES ('90', '90', '90');
INSERT INTO `photos` (`id`, `album_id`, `media_id`) VALUES ('91', '91', '91');
INSERT INTO `photos` (`id`, `album_id`, `media_id`) VALUES ('92', '92', '92');
INSERT INTO `photos` (`id`, `album_id`, `media_id`) VALUES ('93', '93', '93');
INSERT INTO `photos` (`id`, `album_id`, `media_id`) VALUES ('94', '94', '94');
INSERT INTO `photos` (`id`, `album_id`, `media_id`) VALUES ('95', '95', '95');
INSERT INTO `photos` (`id`, `album_id`, `media_id`) VALUES ('96', '96', '96');
INSERT INTO `photos` (`id`, `album_id`, `media_id`) VALUES ('97', '97', '97');
INSERT INTO `photos` (`id`, `album_id`, `media_id`) VALUES ('98', '98', '98');
INSERT INTO `photos` (`id`, `album_id`, `media_id`) VALUES ('99', '99', '99');
INSERT INTO `photos` (`id`, `album_id`, `media_id`) VALUES ('100', '100', '100');


#
# TABLE STRUCTURE FOR: profiles
#

DROP TABLE IF EXISTS `profiles`;

CREATE TABLE `profiles` (
  `user_id` bigint(20) unsigned NOT NULL,
  `gender` char(1) COLLATE utf8mb4_unicode_ci DEFAULT NULL,
  `birthday` date DEFAULT NULL,
  `photo_id` bigint(20) unsigned DEFAULT NULL,
  `created_at` datetime DEFAULT current_timestamp(),
  `hometown` varchar(100) COLLATE utf8mb4_unicode_ci DEFAULT NULL,
  UNIQUE KEY `user_id` (`user_id`),
  CONSTRAINT `fk_user_id` FOREIGN KEY (`user_id`) REFERENCES `users` (`id`) ON DELETE NO ACTION ON UPDATE CASCADE
) ENGINE=InnoDB DEFAULT CHARSET=utf8mb4 COLLATE=utf8mb4_unicode_ci;

INSERT INTO `profiles` (`user_id`, `gender`, `birthday`, `photo_id`, `created_at`, `hometown`) VALUES ('101', NULL, '2021-06-19', '1', '1981-08-18 13:13:26', NULL);
INSERT INTO `profiles` (`user_id`, `gender`, `birthday`, `photo_id`, `created_at`, `hometown`) VALUES ('102', NULL, '1982-08-16', '2', '1992-03-12 16:14:57', NULL);
INSERT INTO `profiles` (`user_id`, `gender`, `birthday`, `photo_id`, `created_at`, `hometown`) VALUES ('103', NULL, '2017-01-07', '3', '2003-11-05 05:19:37', NULL);
INSERT INTO `profiles` (`user_id`, `gender`, `birthday`, `photo_id`, `created_at`, `hometown`) VALUES ('106', NULL, '2012-10-14', '4', '1997-03-01 01:07:01', NULL);
INSERT INTO `profiles` (`user_id`, `gender`, `birthday`, `photo_id`, `created_at`, `hometown`) VALUES ('109', NULL, '1984-08-06', '5', '1981-02-02 19:33:42', NULL);
INSERT INTO `profiles` (`user_id`, `gender`, `birthday`, `photo_id`, `created_at`, `hometown`) VALUES ('110', NULL, '1996-02-20', '6', '2000-05-23 09:03:26', NULL);
INSERT INTO `profiles` (`user_id`, `gender`, `birthday`, `photo_id`, `created_at`, `hometown`) VALUES ('111', NULL, '2008-02-29', '7', '2004-02-12 02:33:39', NULL);
INSERT INTO `profiles` (`user_id`, `gender`, `birthday`, `photo_id`, `created_at`, `hometown`) VALUES ('113', NULL, '2020-11-23', '8', '2001-01-05 10:30:35', NULL);
INSERT INTO `profiles` (`user_id`, `gender`, `birthday`, `photo_id`, `created_at`, `hometown`) VALUES ('115', NULL, '1989-04-15', '9', '1978-03-30 07:55:20', NULL);
INSERT INTO `profiles` (`user_id`, `gender`, `birthday`, `photo_id`, `created_at`, `hometown`) VALUES ('116', NULL, '1996-05-21', '10', '1983-09-03 11:45:29', NULL);
INSERT INTO `profiles` (`user_id`, `gender`, `birthday`, `photo_id`, `created_at`, `hometown`) VALUES ('117', NULL, '2002-02-12', '11', '2001-05-30 06:26:26', NULL);
INSERT INTO `profiles` (`user_id`, `gender`, `birthday`, `photo_id`, `created_at`, `hometown`) VALUES ('119', NULL, '2000-12-10', '12', '1974-10-06 03:32:50', NULL);
INSERT INTO `profiles` (`user_id`, `gender`, `birthday`, `photo_id`, `created_at`, `hometown`) VALUES ('120', NULL, '2021-05-22', '13', '1980-12-06 10:39:55', NULL);
INSERT INTO `profiles` (`user_id`, `gender`, `birthday`, `photo_id`, `created_at`, `hometown`) VALUES ('121', NULL, '1978-06-22', '14', '1990-07-15 03:27:38', NULL);
INSERT INTO `profiles` (`user_id`, `gender`, `birthday`, `photo_id`, `created_at`, `hometown`) VALUES ('122', NULL, '1974-02-06', '15', '2017-07-10 01:24:24', NULL);
INSERT INTO `profiles` (`user_id`, `gender`, `birthday`, `photo_id`, `created_at`, `hometown`) VALUES ('123', NULL, '1993-09-06', '16', '1997-04-20 23:07:29', NULL);
INSERT INTO `profiles` (`user_id`, `gender`, `birthday`, `photo_id`, `created_at`, `hometown`) VALUES ('128', NULL, '1983-12-01', '17', '2002-08-14 11:21:20', NULL);
INSERT INTO `profiles` (`user_id`, `gender`, `birthday`, `photo_id`, `created_at`, `hometown`) VALUES ('129', NULL, '1976-06-25', '18', '1974-12-03 01:12:47', NULL);
INSERT INTO `profiles` (`user_id`, `gender`, `birthday`, `photo_id`, `created_at`, `hometown`) VALUES ('130', NULL, '1992-08-30', '19', '1982-07-05 08:53:41', NULL);
INSERT INTO `profiles` (`user_id`, `gender`, `birthday`, `photo_id`, `created_at`, `hometown`) VALUES ('132', NULL, '1989-07-12', '20', '1976-04-15 18:16:48', NULL);
INSERT INTO `profiles` (`user_id`, `gender`, `birthday`, `photo_id`, `created_at`, `hometown`) VALUES ('133', NULL, '1979-12-08', '21', '1977-06-23 21:54:55', NULL);
INSERT INTO `profiles` (`user_id`, `gender`, `birthday`, `photo_id`, `created_at`, `hometown`) VALUES ('135', NULL, '1974-04-25', '22', '2007-02-08 09:19:29', NULL);
INSERT INTO `profiles` (`user_id`, `gender`, `birthday`, `photo_id`, `created_at`, `hometown`) VALUES ('136', NULL, '1991-08-20', '23', '2014-11-02 07:01:01', NULL);
INSERT INTO `profiles` (`user_id`, `gender`, `birthday`, `photo_id`, `created_at`, `hometown`) VALUES ('137', NULL, '2000-10-11', '24', '2020-07-04 21:48:52', NULL);
INSERT INTO `profiles` (`user_id`, `gender`, `birthday`, `photo_id`, `created_at`, `hometown`) VALUES ('139', NULL, '2002-01-27', '25', '1992-11-26 03:49:23', NULL);
INSERT INTO `profiles` (`user_id`, `gender`, `birthday`, `photo_id`, `created_at`, `hometown`) VALUES ('140', NULL, '2003-07-24', '26', '2016-11-20 21:02:25', NULL);
INSERT INTO `profiles` (`user_id`, `gender`, `birthday`, `photo_id`, `created_at`, `hometown`) VALUES ('141', NULL, '1978-05-24', '27', '2016-07-13 22:19:35', NULL);
INSERT INTO `profiles` (`user_id`, `gender`, `birthday`, `photo_id`, `created_at`, `hometown`) VALUES ('143', NULL, '1972-10-02', '28', '1982-10-02 05:16:47', NULL);
INSERT INTO `profiles` (`user_id`, `gender`, `birthday`, `photo_id`, `created_at`, `hometown`) VALUES ('144', NULL, '1981-09-18', '29', '1981-08-11 00:26:51', NULL);
INSERT INTO `profiles` (`user_id`, `gender`, `birthday`, `photo_id`, `created_at`, `hometown`) VALUES ('145', NULL, '1974-02-03', '30', '2007-10-24 14:57:16', NULL);
INSERT INTO `profiles` (`user_id`, `gender`, `birthday`, `photo_id`, `created_at`, `hometown`) VALUES ('148', NULL, '2003-08-30', '31', '2011-02-22 01:38:08', NULL);
INSERT INTO `profiles` (`user_id`, `gender`, `birthday`, `photo_id`, `created_at`, `hometown`) VALUES ('151', NULL, '2016-09-21', '32', '2007-03-17 03:48:46', NULL);
INSERT INTO `profiles` (`user_id`, `gender`, `birthday`, `photo_id`, `created_at`, `hometown`) VALUES ('153', NULL, '2010-08-21', '33', '1979-11-27 12:38:23', NULL);
INSERT INTO `profiles` (`user_id`, `gender`, `birthday`, `photo_id`, `created_at`, `hometown`) VALUES ('156', NULL, '1993-10-01', '34', '1986-10-02 11:41:02', NULL);
INSERT INTO `profiles` (`user_id`, `gender`, `birthday`, `photo_id`, `created_at`, `hometown`) VALUES ('157', NULL, '2016-03-14', '35', '1987-05-11 12:41:28', NULL);
INSERT INTO `profiles` (`user_id`, `gender`, `birthday`, `photo_id`, `created_at`, `hometown`) VALUES ('158', NULL, '1989-10-15', '36', '1977-09-09 07:12:16', NULL);
INSERT INTO `profiles` (`user_id`, `gender`, `birthday`, `photo_id`, `created_at`, `hometown`) VALUES ('160', NULL, '1993-07-22', '37', '1979-07-08 03:31:50', NULL);
INSERT INTO `profiles` (`user_id`, `gender`, `birthday`, `photo_id`, `created_at`, `hometown`) VALUES ('161', NULL, '1990-01-14', '38', '1989-05-25 22:38:17', NULL);
INSERT INTO `profiles` (`user_id`, `gender`, `birthday`, `photo_id`, `created_at`, `hometown`) VALUES ('165', NULL, '2002-06-20', '39', '2021-05-02 08:22:01', NULL);
INSERT INTO `profiles` (`user_id`, `gender`, `birthday`, `photo_id`, `created_at`, `hometown`) VALUES ('167', NULL, '2016-06-26', '40', '2008-10-04 07:20:46', NULL);
INSERT INTO `profiles` (`user_id`, `gender`, `birthday`, `photo_id`, `created_at`, `hometown`) VALUES ('168', NULL, '1981-03-25', '41', '2012-02-25 02:54:10', NULL);
INSERT INTO `profiles` (`user_id`, `gender`, `birthday`, `photo_id`, `created_at`, `hometown`) VALUES ('170', NULL, '2005-06-09', '42', '1981-03-06 10:39:10', NULL);
INSERT INTO `profiles` (`user_id`, `gender`, `birthday`, `photo_id`, `created_at`, `hometown`) VALUES ('174', NULL, '1982-02-18', '43', '1970-09-25 00:44:39', NULL);
INSERT INTO `profiles` (`user_id`, `gender`, `birthday`, `photo_id`, `created_at`, `hometown`) VALUES ('175', NULL, '2005-11-17', '44', '1972-11-12 04:41:06', NULL);
INSERT INTO `profiles` (`user_id`, `gender`, `birthday`, `photo_id`, `created_at`, `hometown`) VALUES ('176', NULL, '2007-06-18', '45', '2000-02-08 12:51:25', NULL);
INSERT INTO `profiles` (`user_id`, `gender`, `birthday`, `photo_id`, `created_at`, `hometown`) VALUES ('177', NULL, '1997-06-19', '46', '2018-02-18 20:46:57', NULL);
INSERT INTO `profiles` (`user_id`, `gender`, `birthday`, `photo_id`, `created_at`, `hometown`) VALUES ('179', NULL, '1980-03-03', '47', '1985-04-28 08:02:33', NULL);
INSERT INTO `profiles` (`user_id`, `gender`, `birthday`, `photo_id`, `created_at`, `hometown`) VALUES ('180', NULL, '2013-07-24', '48', '1977-11-28 13:55:34', NULL);
INSERT INTO `profiles` (`user_id`, `gender`, `birthday`, `photo_id`, `created_at`, `hometown`) VALUES ('183', NULL, '1988-05-03', '49', '2021-06-05 21:12:15', NULL);
INSERT INTO `profiles` (`user_id`, `gender`, `birthday`, `photo_id`, `created_at`, `hometown`) VALUES ('185', NULL, '2018-02-20', '50', '1982-04-19 22:58:13', NULL);
INSERT INTO `profiles` (`user_id`, `gender`, `birthday`, `photo_id`, `created_at`, `hometown`) VALUES ('186', NULL, '1990-12-14', '51', '1992-02-13 09:27:47', NULL);
INSERT INTO `profiles` (`user_id`, `gender`, `birthday`, `photo_id`, `created_at`, `hometown`) VALUES ('187', NULL, '2005-07-14', '52', '2020-11-09 23:35:35', NULL);
INSERT INTO `profiles` (`user_id`, `gender`, `birthday`, `photo_id`, `created_at`, `hometown`) VALUES ('189', NULL, '1999-07-16', '53', '2004-07-23 19:37:35', NULL);
INSERT INTO `profiles` (`user_id`, `gender`, `birthday`, `photo_id`, `created_at`, `hometown`) VALUES ('190', NULL, '1978-04-21', '54', '2011-03-14 02:43:22', NULL);
INSERT INTO `profiles` (`user_id`, `gender`, `birthday`, `photo_id`, `created_at`, `hometown`) VALUES ('194', NULL, '1992-05-06', '55', '1989-06-11 14:04:45', NULL);
INSERT INTO `profiles` (`user_id`, `gender`, `birthday`, `photo_id`, `created_at`, `hometown`) VALUES ('197', NULL, '1982-07-04', '56', '1978-08-12 02:56:10', NULL);
INSERT INTO `profiles` (`user_id`, `gender`, `birthday`, `photo_id`, `created_at`, `hometown`) VALUES ('199', NULL, '2016-02-02', '57', '1989-06-06 07:06:58', NULL);
INSERT INTO `profiles` (`user_id`, `gender`, `birthday`, `photo_id`, `created_at`, `hometown`) VALUES ('200', NULL, '2003-05-28', '58', '2013-06-17 22:39:20', NULL);


#
# TABLE STRUCTURE FOR: users
#

DROP TABLE IF EXISTS `users`;

CREATE TABLE `users` (
  `id` bigint(20) unsigned NOT NULL AUTO_INCREMENT,
  `firstname` varchar(50) COLLATE utf8mb4_unicode_ci DEFAULT NULL,
  `lastname` varchar(50) COLLATE utf8mb4_unicode_ci DEFAULT NULL COMMENT '',
  `email` varchar(120) COLLATE utf8mb4_unicode_ci DEFAULT NULL,
  `password_hash` varchar(100) COLLATE utf8mb4_unicode_ci DEFAULT NULL,
  `phone` bigint(20) unsigned DEFAULT NULL,
  PRIMARY KEY (`id`),
  UNIQUE KEY `email` (`email`),
  UNIQUE KEY `phone` (`phone`),
  KEY `users_firstname_lastname_idx` (`firstname`,`lastname`)
) ENGINE=InnoDB AUTO_INCREMENT=201 DEFAULT CHARSET=utf8mb4 COLLATE=utf8mb4_unicode_ci COMMENT='';

INSERT INTO `users` (`id`, `firstname`, `lastname`, `email`, `password_hash`, `phone`) VALUES ('101', 'Fredy', 'Turcotte', 'carmella.steuber@example.org', 'e5399b3c3f237e5527676fa6d71bd445f3259a48', '0');
INSERT INTO `users` (`id`, `firstname`, `lastname`, `email`, `password_hash`, `phone`) VALUES ('102', 'Ross', 'Hamill', 'abernathy.leanna@example.com', '27bdb03167f2f419fd08d2413c7d4248814a099e', '1');
INSERT INTO `users` (`id`, `firstname`, `lastname`, `email`, `password_hash`, `phone`) VALUES ('103', 'Dorcas', 'Doyle', 'raul79@example.net', 'af5b43bcff711b2395cab7cbda8478ff7164d4bf', '16');
INSERT INTO `users` (`id`, `firstname`, `lastname`, `email`, `password_hash`, `phone`) VALUES ('106', 'Fiona', 'Russel', 'xsimonis@example.org', '0ff8660bfc22801a02ee4ec3198df3ee24d703ac', '186707');
INSERT INTO `users` (`id`, `firstname`, `lastname`, `email`, `password_hash`, `phone`) VALUES ('109', 'Santino', 'Will', 'bill.deckow@example.org', 'fae69eefe7f20ec3ccc554e880d4e9fc2127ea1a', '37');
INSERT INTO `users` (`id`, `firstname`, `lastname`, `email`, `password_hash`, `phone`) VALUES ('110', 'Maya', 'Koch', 'roma.mraz@example.org', '2eb40053647292dcfc2538b0181d39deb183c9c6', '221');
INSERT INTO `users` (`id`, `firstname`, `lastname`, `email`, `password_hash`, `phone`) VALUES ('111', 'Karolann', 'Ferry', 'xhane@example.net', '515ef8596d4c95478ac0f3f4fabdaa112da94ff2', '126');
INSERT INTO `users` (`id`, `firstname`, `lastname`, `email`, `password_hash`, `phone`) VALUES ('113', 'Shania', 'Langosh', 'weber.dewitt@example.net', 'dae0b8aca1c4294bc3f487cc79e25e6ff0006ac2', '5445821667');
INSERT INTO `users` (`id`, `firstname`, `lastname`, `email`, `password_hash`, `phone`) VALUES ('115', 'Orlando', 'Block', 'tate.fritsch@example.net', '4bc2951aca34488d7d49dcb9721a8d28f80b0202', '5300692437');
INSERT INTO `users` (`id`, `firstname`, `lastname`, `email`, `password_hash`, `phone`) VALUES ('116', 'Marcellus', 'Koss', 'earl05@example.net', '7c5a0d8e764f78de89685c3afd861decaf5ae06c', '8917524569');
INSERT INTO `users` (`id`, `firstname`, `lastname`, `email`, `password_hash`, `phone`) VALUES ('117', 'Rubie', 'Jacobson', 'kutch.anya@example.com', '3981f985241db68aa47fad9d8db8bfbbcdc546f3', '97');
INSERT INTO `users` (`id`, `firstname`, `lastname`, `email`, `password_hash`, `phone`) VALUES ('119', 'Jennyfer', 'Ullrich', 'charley20@example.com', '092a60a1e89935aa2d535d8b7ca26a19816b106a', '63774');
INSERT INTO `users` (`id`, `firstname`, `lastname`, `email`, `password_hash`, `phone`) VALUES ('120', 'Claude', 'Hilll', 'toy.lorine@example.com', 'f3dc6ca8eadab58c025cce08df605d5f2426de3a', '8115');
INSERT INTO `users` (`id`, `firstname`, `lastname`, `email`, `password_hash`, `phone`) VALUES ('121', 'Alejandra', 'Feest', 'mueller.paolo@example.net', 'c78d43dbd024694d77952d7579d641ae1ae59341', '862979');
INSERT INTO `users` (`id`, `firstname`, `lastname`, `email`, `password_hash`, `phone`) VALUES ('122', 'Westley', 'Kuhic', 'pthiel@example.com', 'a2d26b058121274a662674008f0230f635f6abff', '580');
INSERT INTO `users` (`id`, `firstname`, `lastname`, `email`, `password_hash`, `phone`) VALUES ('123', 'Adela', 'O\'Reilly', 'romaguera.sallie@example.org', '5d7986dfdcf875a013fa304e3bdc19cd18252c17', '5');
INSERT INTO `users` (`id`, `firstname`, `lastname`, `email`, `password_hash`, `phone`) VALUES ('128', 'Walter', 'Thompson', 'medhurst.hazel@example.net', '10efa2275c36f2b08f0c36fd060640671625412b', '66');
INSERT INTO `users` (`id`, `firstname`, `lastname`, `email`, `password_hash`, `phone`) VALUES ('129', 'Vinnie', 'Jast', 'ocronin@example.net', '18ff548ca376fbc8789334614d4a859c9b58aa8c', '852');
INSERT INTO `users` (`id`, `firstname`, `lastname`, `email`, `password_hash`, `phone`) VALUES ('130', 'Allan', 'Kassulke', 'whermiston@example.com', '37c8ea8763cb6b6665acac0412e0735f1b361471', '30');
INSERT INTO `users` (`id`, `firstname`, `lastname`, `email`, `password_hash`, `phone`) VALUES ('132', 'Lisa', 'Kerluke', 'tdaniel@example.com', '626e0a60029d2297ecdf9499d41a41630fcb8234', '24');
INSERT INTO `users` (`id`, `firstname`, `lastname`, `email`, `password_hash`, `phone`) VALUES ('133', 'Destin', 'Kreiger', 'barry.howe@example.net', '8da2b367463aefe3e4a168909ec94193a1ff4e4b', '49');
INSERT INTO `users` (`id`, `firstname`, `lastname`, `email`, `password_hash`, `phone`) VALUES ('135', 'Vallie', 'Wolff', 'pschaden@example.net', 'e28c7c2266fdb3048b5172628421a78d99f761bc', '274');
INSERT INTO `users` (`id`, `firstname`, `lastname`, `email`, `password_hash`, `phone`) VALUES ('136', 'Susie', 'Jacobson', 'sasha.prosacco@example.org', '57cd0f9b40df699fef6f0bc13506a080d74141fd', '6771136819');
INSERT INTO `users` (`id`, `firstname`, `lastname`, `email`, `password_hash`, `phone`) VALUES ('137', 'Christelle', 'Pfeffer', 'parker.mckayla@example.net', '1e13b8d92ee7d9c3ed4a752277470d357e0f9a80', '8440194441');
INSERT INTO `users` (`id`, `firstname`, `lastname`, `email`, `password_hash`, `phone`) VALUES ('139', 'Cornell', 'Borer', 'leffler.moses@example.com', '7424f37a4f3b41ca04e2f8704d23ffe535e59ebd', '202');
INSERT INTO `users` (`id`, `firstname`, `lastname`, `email`, `password_hash`, `phone`) VALUES ('140', 'Estevan', 'Thiel', 'ischuster@example.org', '8bfba3cbb54302a22ff76214ff9251c7fdc69910', '424');
INSERT INTO `users` (`id`, `firstname`, `lastname`, `email`, `password_hash`, `phone`) VALUES ('141', 'Ayana', 'Kertzmann', 'lehner.faustino@example.com', '9614385b6d6f00387304525d277c731d596a3f10', '640');
INSERT INTO `users` (`id`, `firstname`, `lastname`, `email`, `password_hash`, `phone`) VALUES ('143', 'Joelle', 'Kemmer', 'erin04@example.net', 'd7760bde4d3fb9386375e6ed77586a602ec03aed', '543');
INSERT INTO `users` (`id`, `firstname`, `lastname`, `email`, `password_hash`, `phone`) VALUES ('144', 'Golden', 'Cruickshank', 'lavina.bartoletti@example.com', '84cfa4514ac49303c1831ddf810ab4e9c3a6428f', '481327');
INSERT INTO `users` (`id`, `firstname`, `lastname`, `email`, `password_hash`, `phone`) VALUES ('145', 'Leone', 'Larson', 'harris.otis@example.org', '8d4699d8edb82307c6cb4073143ab38bc39c6a15', '928072');
INSERT INTO `users` (`id`, `firstname`, `lastname`, `email`, `password_hash`, `phone`) VALUES ('148', 'Oren', 'Senger', 'laney72@example.net', '0baa1a7aca03b0b09ed2efd21fab2eebd057bba9', '182252');
INSERT INTO `users` (`id`, `firstname`, `lastname`, `email`, `password_hash`, `phone`) VALUES ('151', 'Amani', 'Schamberger', 'jwintheiser@example.net', '2e54a4fa68b32fdaa2215cf1280477e4cf5f1f36', '987');
INSERT INTO `users` (`id`, `firstname`, `lastname`, `email`, `password_hash`, `phone`) VALUES ('153', 'Angeline', 'Schmeler', 'turner.tiffany@example.org', 'd013b7b07674108d15b00230a6c5d5c8b6d9048a', '176');
INSERT INTO `users` (`id`, `firstname`, `lastname`, `email`, `password_hash`, `phone`) VALUES ('156', 'Toney', 'Parker', 'o\'hara.erwin@example.com', '9a24a785c778e81f382efe7914648f142e31429b', '87');
INSERT INTO `users` (`id`, `firstname`, `lastname`, `email`, `password_hash`, `phone`) VALUES ('157', 'Magdalen', 'Hane', 'fahey.hal@example.org', '342694bef8c5686c6916f39bcdba069b132881ee', '327');
INSERT INTO `users` (`id`, `firstname`, `lastname`, `email`, `password_hash`, `phone`) VALUES ('158', 'Verlie', 'Larkin', 'vbrakus@example.net', '0e719f2753f7736d09d08db04d3c4f707d77f516', '7367585879');
INSERT INTO `users` (`id`, `firstname`, `lastname`, `email`, `password_hash`, `phone`) VALUES ('160', 'Osborne', 'Robel', 'jaren26@example.net', 'ac18376009b875e6606a2cf41e0547e9e474bb8a', '658802');
INSERT INTO `users` (`id`, `firstname`, `lastname`, `email`, `password_hash`, `phone`) VALUES ('161', 'Tommie', 'Upton', 'pbradtke@example.com', '56ac312c9143eb45adafcf223ed42f0304b66a06', '688');
INSERT INTO `users` (`id`, `firstname`, `lastname`, `email`, `password_hash`, `phone`) VALUES ('165', 'Davion', 'Stoltenberg', 'keeling.brisa@example.org', 'adb30fbcc29ff8c5e82b05456d6890d170f8cd4e', '397659');
INSERT INTO `users` (`id`, `firstname`, `lastname`, `email`, `password_hash`, `phone`) VALUES ('167', 'Kylie', 'Braun', 'nikolaus.otho@example.net', 'c4fd907624bd0f59fec211b4a33bb9603d419659', '735067');
INSERT INTO `users` (`id`, `firstname`, `lastname`, `email`, `password_hash`, `phone`) VALUES ('168', 'Fletcher', 'Kulas', 'giovanni.dibbert@example.net', '3b0a164de20a95a0c6443acad2c06d62ed1d43b4', '48042');
INSERT INTO `users` (`id`, `firstname`, `lastname`, `email`, `password_hash`, `phone`) VALUES ('170', 'Antonietta', 'Wyman', 'o\'conner.braeden@example.org', 'a61ac55f662097b3b75ed0f9b7896582534deffc', '861215');
INSERT INTO `users` (`id`, `firstname`, `lastname`, `email`, `password_hash`, `phone`) VALUES ('174', 'Ines', 'Medhurst', 'zulauf.nichole@example.com', '80b6e4b90cdeaf7010a90bf983b8aa92b740aa39', '53237');
INSERT INTO `users` (`id`, `firstname`, `lastname`, `email`, `password_hash`, `phone`) VALUES ('175', 'Rasheed', 'Mraz', 'oswald57@example.com', '018f268620d044d32faff2fc760972773486f245', '636585');
INSERT INTO `users` (`id`, `firstname`, `lastname`, `email`, `password_hash`, `phone`) VALUES ('176', 'Ottilie', 'Bins', 'roma50@example.org', '8098a8528c93b2557a7d72145e8af5ce7ff94f34', '652441');
INSERT INTO `users` (`id`, `firstname`, `lastname`, `email`, `password_hash`, `phone`) VALUES ('177', 'Keon', 'Gerhold', 'aniyah.mclaughlin@example.com', '2e251baaaa5eca87de9cc2327d3241864af903f6', '8');
INSERT INTO `users` (`id`, `firstname`, `lastname`, `email`, `password_hash`, `phone`) VALUES ('179', 'Olin', 'Grant', 'tyshawn30@example.org', 'a58e1efd87243e91a47fda666ea0af7067a00827', '919');
INSERT INTO `users` (`id`, `firstname`, `lastname`, `email`, `password_hash`, `phone`) VALUES ('180', 'Maryse', 'Will', 'yundt.priscilla@example.net', '0d285edd3851b772522da38220168440db3d8de9', '156');
INSERT INTO `users` (`id`, `firstname`, `lastname`, `email`, `password_hash`, `phone`) VALUES ('183', 'Katelynn', 'Brown', 'helga.schultz@example.org', '6dde35fa41f176bf673391b3ea0a3e207aa65abd', '732140');
INSERT INTO `users` (`id`, `firstname`, `lastname`, `email`, `password_hash`, `phone`) VALUES ('185', 'Tatum', 'Nader', 'liana.monahan@example.com', 'acae5f2bb78c267ea81c2ada253f2f4af00c84f1', '9652877797');
INSERT INTO `users` (`id`, `firstname`, `lastname`, `email`, `password_hash`, `phone`) VALUES ('186', 'Assunta', 'Mayert', 'gia02@example.com', 'ad0e84bf0e721e471810083c385c4df116db86b2', '679');
INSERT INTO `users` (`id`, `firstname`, `lastname`, `email`, `password_hash`, `phone`) VALUES ('187', 'Macey', 'Williamson', 'cara.gleichner@example.net', 'a42197a78cb558f186d1adf2abf571fa6a7a7963', '324');
INSERT INTO `users` (`id`, `firstname`, `lastname`, `email`, `password_hash`, `phone`) VALUES ('189', 'Jonathon', 'Flatley', 'domingo.robel@example.org', 'e22613bdbda72668fdde6957bd5bdfab3349c06e', '22292');
INSERT INTO `users` (`id`, `firstname`, `lastname`, `email`, `password_hash`, `phone`) VALUES ('190', 'Stuart', 'Rutherford', 'yturner@example.org', 'b00cc1df1f5b8c02047836ee5f5ac7992fd4970d', '959724');
INSERT INTO `users` (`id`, `firstname`, `lastname`, `email`, `password_hash`, `phone`) VALUES ('194', 'Maxwell', 'Fadel', 'hudson.wilton@example.org', 'ac92d47a04083937bda3cd38f8a30a257602fca7', '732');
INSERT INTO `users` (`id`, `firstname`, `lastname`, `email`, `password_hash`, `phone`) VALUES ('197', 'Giuseppe', 'Beahan', 'gnienow@example.org', 'fba8b43a65b0ec1d4d8b738203a39a6908ff5d06', '870128');
INSERT INTO `users` (`id`, `firstname`, `lastname`, `email`, `password_hash`, `phone`) VALUES ('199', 'Obie', 'Rath', 'fredy16@example.com', '2ab39a3a7ffc98df3fb42ee1535f6d6b8658a548', '399');
INSERT INTO `users` (`id`, `firstname`, `lastname`, `email`, `password_hash`, `phone`) VALUES ('200', 'Lottie', 'Medhurst', 'rubye20@example.net', '8cd30ae7be7732ddd133427d0236803d04da1298', '541733');


#
# TABLE STRUCTURE FOR: users_communities
#

DROP TABLE IF EXISTS `users_communities`;

CREATE TABLE `users_communities` (
  `user_id` bigint(20) unsigned NOT NULL,
  `community_id` bigint(20) unsigned NOT NULL,
  PRIMARY KEY (`user_id`,`community_id`),
  KEY `community_id` (`community_id`),
  CONSTRAINT `users_communities_ibfk_1` FOREIGN KEY (`user_id`) REFERENCES `users` (`id`),
  CONSTRAINT `users_communities_ibfk_2` FOREIGN KEY (`community_id`) REFERENCES `communities` (`id`)
) ENGINE=InnoDB DEFAULT CHARSET=utf8mb4 COLLATE=utf8mb4_unicode_ci;

INSERT INTO `users_communities` (`user_id`, `community_id`) VALUES ('101', '1');
INSERT INTO `users_communities` (`user_id`, `community_id`) VALUES ('101', '59');
INSERT INTO `users_communities` (`user_id`, `community_id`) VALUES ('102', '2');
INSERT INTO `users_communities` (`user_id`, `community_id`) VALUES ('102', '60');
INSERT INTO `users_communities` (`user_id`, `community_id`) VALUES ('103', '3');
INSERT INTO `users_communities` (`user_id`, `community_id`) VALUES ('103', '61');
INSERT INTO `users_communities` (`user_id`, `community_id`) VALUES ('106', '4');
INSERT INTO `users_communities` (`user_id`, `community_id`) VALUES ('106', '62');
INSERT INTO `users_communities` (`user_id`, `community_id`) VALUES ('109', '5');
INSERT INTO `users_communities` (`user_id`, `community_id`) VALUES ('109', '63');
INSERT INTO `users_communities` (`user_id`, `community_id`) VALUES ('110', '6');
INSERT INTO `users_communities` (`user_id`, `community_id`) VALUES ('110', '64');
INSERT INTO `users_communities` (`user_id`, `community_id`) VALUES ('111', '7');
INSERT INTO `users_communities` (`user_id`, `community_id`) VALUES ('111', '65');
INSERT INTO `users_communities` (`user_id`, `community_id`) VALUES ('113', '8');
INSERT INTO `users_communities` (`user_id`, `community_id`) VALUES ('113', '66');
INSERT INTO `users_communities` (`user_id`, `community_id`) VALUES ('115', '9');
INSERT INTO `users_communities` (`user_id`, `community_id`) VALUES ('115', '67');
INSERT INTO `users_communities` (`user_id`, `community_id`) VALUES ('116', '10');
INSERT INTO `users_communities` (`user_id`, `community_id`) VALUES ('116', '68');
INSERT INTO `users_communities` (`user_id`, `community_id`) VALUES ('117', '11');
INSERT INTO `users_communities` (`user_id`, `community_id`) VALUES ('117', '69');
INSERT INTO `users_communities` (`user_id`, `community_id`) VALUES ('119', '12');
INSERT INTO `users_communities` (`user_id`, `community_id`) VALUES ('119', '70');
INSERT INTO `users_communities` (`user_id`, `community_id`) VALUES ('120', '13');
INSERT INTO `users_communities` (`user_id`, `community_id`) VALUES ('120', '71');
INSERT INTO `users_communities` (`user_id`, `community_id`) VALUES ('121', '14');
INSERT INTO `users_communities` (`user_id`, `community_id`) VALUES ('121', '72');
INSERT INTO `users_communities` (`user_id`, `community_id`) VALUES ('122', '15');
INSERT INTO `users_communities` (`user_id`, `community_id`) VALUES ('122', '73');
INSERT INTO `users_communities` (`user_id`, `community_id`) VALUES ('123', '16');
INSERT INTO `users_communities` (`user_id`, `community_id`) VALUES ('123', '74');
INSERT INTO `users_communities` (`user_id`, `community_id`) VALUES ('128', '17');
INSERT INTO `users_communities` (`user_id`, `community_id`) VALUES ('128', '75');
INSERT INTO `users_communities` (`user_id`, `community_id`) VALUES ('129', '18');
INSERT INTO `users_communities` (`user_id`, `community_id`) VALUES ('129', '76');
INSERT INTO `users_communities` (`user_id`, `community_id`) VALUES ('130', '19');
INSERT INTO `users_communities` (`user_id`, `community_id`) VALUES ('130', '77');
INSERT INTO `users_communities` (`user_id`, `community_id`) VALUES ('132', '20');
INSERT INTO `users_communities` (`user_id`, `community_id`) VALUES ('132', '78');
INSERT INTO `users_communities` (`user_id`, `community_id`) VALUES ('133', '21');
INSERT INTO `users_communities` (`user_id`, `community_id`) VALUES ('133', '79');
INSERT INTO `users_communities` (`user_id`, `community_id`) VALUES ('135', '22');
INSERT INTO `users_communities` (`user_id`, `community_id`) VALUES ('135', '80');
INSERT INTO `users_communities` (`user_id`, `community_id`) VALUES ('136', '23');
INSERT INTO `users_communities` (`user_id`, `community_id`) VALUES ('136', '81');
INSERT INTO `users_communities` (`user_id`, `community_id`) VALUES ('137', '24');
INSERT INTO `users_communities` (`user_id`, `community_id`) VALUES ('137', '82');
INSERT INTO `users_communities` (`user_id`, `community_id`) VALUES ('139', '25');
INSERT INTO `users_communities` (`user_id`, `community_id`) VALUES ('139', '83');
INSERT INTO `users_communities` (`user_id`, `community_id`) VALUES ('140', '26');
INSERT INTO `users_communities` (`user_id`, `community_id`) VALUES ('140', '84');
INSERT INTO `users_communities` (`user_id`, `community_id`) VALUES ('141', '27');
INSERT INTO `users_communities` (`user_id`, `community_id`) VALUES ('141', '85');
INSERT INTO `users_communities` (`user_id`, `community_id`) VALUES ('143', '28');
INSERT INTO `users_communities` (`user_id`, `community_id`) VALUES ('143', '86');
INSERT INTO `users_communities` (`user_id`, `community_id`) VALUES ('144', '29');
INSERT INTO `users_communities` (`user_id`, `community_id`) VALUES ('144', '87');
INSERT INTO `users_communities` (`user_id`, `community_id`) VALUES ('145', '30');
INSERT INTO `users_communities` (`user_id`, `community_id`) VALUES ('145', '88');
INSERT INTO `users_communities` (`user_id`, `community_id`) VALUES ('148', '31');
INSERT INTO `users_communities` (`user_id`, `community_id`) VALUES ('148', '89');
INSERT INTO `users_communities` (`user_id`, `community_id`) VALUES ('151', '32');
INSERT INTO `users_communities` (`user_id`, `community_id`) VALUES ('151', '90');
INSERT INTO `users_communities` (`user_id`, `community_id`) VALUES ('153', '33');
INSERT INTO `users_communities` (`user_id`, `community_id`) VALUES ('153', '91');
INSERT INTO `users_communities` (`user_id`, `community_id`) VALUES ('156', '34');
INSERT INTO `users_communities` (`user_id`, `community_id`) VALUES ('156', '92');
INSERT INTO `users_communities` (`user_id`, `community_id`) VALUES ('157', '35');
INSERT INTO `users_communities` (`user_id`, `community_id`) VALUES ('157', '93');
INSERT INTO `users_communities` (`user_id`, `community_id`) VALUES ('158', '36');
INSERT INTO `users_communities` (`user_id`, `community_id`) VALUES ('158', '94');
INSERT INTO `users_communities` (`user_id`, `community_id`) VALUES ('160', '37');
INSERT INTO `users_communities` (`user_id`, `community_id`) VALUES ('160', '95');
INSERT INTO `users_communities` (`user_id`, `community_id`) VALUES ('161', '38');
INSERT INTO `users_communities` (`user_id`, `community_id`) VALUES ('161', '96');
INSERT INTO `users_communities` (`user_id`, `community_id`) VALUES ('165', '39');
INSERT INTO `users_communities` (`user_id`, `community_id`) VALUES ('165', '97');
INSERT INTO `users_communities` (`user_id`, `community_id`) VALUES ('167', '40');
INSERT INTO `users_communities` (`user_id`, `community_id`) VALUES ('167', '98');
INSERT INTO `users_communities` (`user_id`, `community_id`) VALUES ('168', '41');
INSERT INTO `users_communities` (`user_id`, `community_id`) VALUES ('168', '99');
INSERT INTO `users_communities` (`user_id`, `community_id`) VALUES ('170', '42');
INSERT INTO `users_communities` (`user_id`, `community_id`) VALUES ('170', '100');
INSERT INTO `users_communities` (`user_id`, `community_id`) VALUES ('174', '43');
INSERT INTO `users_communities` (`user_id`, `community_id`) VALUES ('175', '44');
INSERT INTO `users_communities` (`user_id`, `community_id`) VALUES ('176', '45');
INSERT INTO `users_communities` (`user_id`, `community_id`) VALUES ('177', '46');
INSERT INTO `users_communities` (`user_id`, `community_id`) VALUES ('179', '47');
INSERT INTO `users_communities` (`user_id`, `community_id`) VALUES ('180', '48');
INSERT INTO `users_communities` (`user_id`, `community_id`) VALUES ('183', '49');
INSERT INTO `users_communities` (`user_id`, `community_id`) VALUES ('185', '50');
INSERT INTO `users_communities` (`user_id`, `community_id`) VALUES ('186', '51');
INSERT INTO `users_communities` (`user_id`, `community_id`) VALUES ('187', '52');
INSERT INTO `users_communities` (`user_id`, `community_id`) VALUES ('189', '53');
INSERT INTO `users_communities` (`user_id`, `community_id`) VALUES ('190', '54');
INSERT INTO `users_communities` (`user_id`, `community_id`) VALUES ('194', '55');
INSERT INTO `users_communities` (`user_id`, `community_id`) VALUES ('197', '56');
INSERT INTO `users_communities` (`user_id`, `community_id`) VALUES ('199', '57');
INSERT INTO `users_communities` (`user_id`, `community_id`) VALUES ('200', '58');


